Customer Name,Age,State,Insurance Type,Annual Premium (AUD),Claim Amount (AUD),Claim Status,Policy Start Date,Policy End Date
Caitlin Henderson,51,NT,Home,961.16,6409.96,Approved,5/3/2024,5/4/2025
George Owen,57,ACT,Home,735.15,18936.43,Approved,9/25/2022,2/18/2023
Mrs. Sarah Smith MD,33,TAS,Life,3817.66,16265.9,Approved,6/26/2023,4/27/2024
Katelyn Wilson,38,SA,Health,2946.32,15382.5,Approved,5/15/2023,6/11/2023
Danielle Arnold,27,WA,Life,4076.51,7767.14,Approved,3/12/2024,1/4/2025
James Aguirre,75,QLD,Home,3993.37,8912.52,Approved,12/28/2022,6/6/2023
Angelica Kelly,24,TAS,Home,2390.03,9276.02,Approved,1/5/2023,3/17/2023
Alexander Wood,27,VIC,Travel,2177.07,11693.81,Approved,12/21/2022,2/16/2023
Katherine Hudson,44,NT,Health,1852.75,16611.02,Approved,4/13/2023,8/5/2023
Neil Rivera,31,SA,Health,1505.7,17687.17,Approved,7/13/2023,8/12/2023
Derrick Miller,29,NSW,Car,1653.97,19322.54,Rejected,5/12/2024,5/16/2025
Carl Simpson,44,QLD,Health,3564.88,11600.34,Approved,9/20/2023,7/7/2025
Bethany Adkins,52,SA,Life,2980.71,14190.91,Approved,11/12/2022,5/7/2023
Kayla Rodriguez,32,QLD,Life,353.64,17509.11,Approved,3/14/2024,7/25/2025
Dennis Smith,34,QLD,Life,3038.81,8272.95,Pending,11/7/2023,5/14/2025
Jeremy Walker,37,TAS,Travel,1260.67,13600.11,Approved,1/29/2023,9/26/2024
Elizabeth Johnson,29,SA,Life,1123.8,1541.44,Pending,12/13/2023,1/21/2024
Eric Terry,34,ACT,Health,1867.66,16648.11,Rejected,5/28/2024,8/3/2024
Laura Manning,61,ACT,Travel,1957.29,1136.71,Approved,3/24/2023,7/2/2023
Kenneth Howard,20,VIC,Health,3638.12,11381.45,Approved,11/17/2022,5/16/2025
Kelly Myers,20,SA,Health,1767.83,17627.62,Approved,1/6/2023,5/6/2024
Justin Mcknight,70,QLD,Life,2480.98,18954.84,Rejected,10/24/2022,3/2/2023
Stanley Wheeler,64,NSW,Car,3504.63,7365.8,Approved,6/13/2024,11/22/2024
Justin Scott,41,ACT,Travel,4584.46,3722.65,Approved,7/3/2024,3/10/2025
Brian Harris,39,NSW,Health,753.45,3224.02,Approved,2/3/2024,3/23/2024
Wayne Valentine,66,SA,Life,4141.34,17117.54,Rejected,12/13/2022,3/18/2025
Suzanne Carter,26,WA,Car,461.95,3177.46,Approved,7/20/2023,11/30/2024
Brandon Melton,20,ACT,Life,2590.96,18763.04,Approved,9/1/2022,12/20/2023
Allen Barker,45,QLD,Health,1739.08,4375.84,Approved,9/4/2022,10/26/2023
Tammy Bryant,49,VIC,Health,3707.96,14230.2,Pending,1/5/2023,9/11/2023
Maria Anderson,59,TAS,Travel,4735.18,9508.34,Approved,9/8/2022,12/9/2022
Steven Conner,64,QLD,Health,1750.71,4790.79,Approved,7/3/2024,8/10/2024
Timothy Melton,56,WA,Health,959.34,16870.3,Approved,10/10/2023,9/6/2024
Katrina Howell,20,ACT,Health,1963.26,1147.41,Approved,7/24/2024,6/5/2025
Hannah Larsen,20,SA,Health,3107.41,1215.92,Rejected,8/10/2023,11/15/2024
Veronica Ortiz,19,NSW,Travel,1550.93,6199.24,Approved,2/28/2024,4/10/2025
Benjamin Patterson,37,NSW,Car,1814.65,4436.04,Approved,9/4/2023,12/4/2024
Travis Patton,22,QLD,Car,939.04,12102.01,Rejected,4/21/2023,7/21/2023
Pamela Clark,24,NT,Travel,2318.04,3213.77,Pending,1/28/2024,5/18/2025
Amy Kelly,33,QLD,Home,2302.17,11975.22,Approved,8/28/2023,5/1/2025
Kevin Blankenship,72,WA,Home,919.5,129.73,Approved,1/30/2023,6/20/2025
Heather Graham,20,VIC,Life,1781.78,7565.72,Approved,3/31/2024,3/7/2025
Beth Li,33,WA,Health,3590.08,1931.59,Approved,11/7/2022,10/5/2024
Elizabeth Gonzales,20,SA,Life,792,12900.49,Approved,6/29/2024,7/24/2024
Christopher Rowland,49,WA,Life,2725.24,6834.66,Approved,10/3/2022,11/19/2024
Alexis Hall,53,TAS,Home,4884.63,1701.62,Rejected,8/2/2023,8/19/2024
Dale Williams,43,SA,Life,1877.22,14493.26,Pending,1/26/2024,3/11/2024
Michelle West,67,TAS,Health,746.27,1473.59,Approved,6/12/2023,1/30/2025
Brian Rowe,70,ACT,Health,3024.43,9362.37,Approved,5/20/2024,2/11/2025
Phillip Tapia,24,NT,Car,1395.96,15553.99,Approved,9/15/2022,11/22/2024
Jared Garcia,41,ACT,Car,3584.29,9777.86,Pending,5/5/2024,10/21/2024
Charles Brown,68,TAS,Home,3758.75,18179.61,Pending,6/1/2024,12/23/2024
Karen Crosby,20,VIC,Health,1941.84,143.57,Approved,4/5/2024,11/22/2024
Andrew Walker,28,TAS,Life,1629.55,10725.9,Approved,7/17/2023,6/7/2025
Paul Smith,50,NSW,Car,4463.54,4170.12,Approved,1/1/2024,1/14/2024
Justin Hill,34,ACT,Travel,3478.49,1729.71,Approved,1/7/2023,2/10/2025
Mr. Raymond Hernandez,65,ACT,Health,2562.72,19579.55,Approved,5/13/2023,7/5/2023
Lee Phillips,37,TAS,Life,3730.75,19398.28,Rejected,12/20/2022,4/7/2025
Brent West,37,NSW,Home,3364.59,11939.27,Approved,5/5/2024,5/14/2024
Mark Tate,53,NT,Travel,3947.6,6540.75,Rejected,4/24/2023,6/20/2024
Heather Reid,62,NSW,Home,4513.49,1234.47,Approved,6/19/2023,10/18/2024
Elizabeth Brown,56,ACT,Car,2380.03,7910.44,Rejected,5/21/2024,6/4/2024
Catherine Perry,65,TAS,Travel,3429.84,16253.63,Approved,8/4/2023,6/13/2024
Natalie Hughes,39,QLD,Travel,4499.92,4671.64,Rejected,5/14/2024,12/4/2024
James King,21,QLD,Car,4501.5,13603.2,Pending,12/17/2023,6/29/2025
Kristina Thompson,37,WA,Health,2301.62,16608.37,Approved,7/13/2024,3/19/2025
Erica Ferguson,42,NT,Travel,4430.25,10816.14,Approved,8/29/2022,5/15/2023
Erica Hensley,70,ACT,Travel,2380.15,8776.42,Pending,1/23/2023,9/25/2024
Donald Douglas,73,SA,Car,2885.84,14722.6,Approved,9/10/2022,6/3/2023
Brandon Gilbert,52,NSW,Health,566.24,11484.1,Pending,11/7/2023,12/31/2023
Marc Bell,54,VIC,Travel,1815.71,951.93,Pending,1/4/2023,3/16/2023
Amy Smith,56,NSW,Health,3344.8,1258.33,Approved,7/24/2024,8/27/2024
Joshua Barnes,43,VIC,Travel,2744.65,13185.87,Approved,6/16/2023,12/28/2023
William Padilla,36,NSW,Car,2695.46,1014.1,Pending,8/15/2023,11/16/2023
Johnny Dillon,59,WA,Car,2794.78,3310.09,Approved,3/18/2024,7/18/2024
Amy Edwards,62,QLD,Car,1409.63,9887.28,Pending,9/23/2023,11/4/2023
Oscar Clark,51,QLD,Home,781.88,18543.29,Pending,4/30/2024,8/18/2024
Raymond Barnett,31,NSW,Car,4762.01,16389.96,Approved,3/4/2023,4/27/2025
Susan Clark,72,WA,Travel,828.03,453.7,Approved,11/17/2022,8/8/2023
Melinda Taylor,50,NSW,Travel,3138.15,10252.02,Approved,1/11/2024,11/6/2024
Robert Choi,35,QLD,Travel,3231.56,6006,Approved,12/21/2023,2/23/2025
James Coleman,60,NSW,Travel,3712.74,4962.25,Rejected,10/26/2023,4/15/2024
Kaitlyn White,19,SA,Travel,435.33,2270.78,Approved,3/26/2023,11/26/2023
Mark Matthews,33,VIC,Car,4744.29,290.81,Pending,10/21/2023,11/20/2023
Victoria Simon,27,ACT,Life,1954.96,14107.56,Approved,7/4/2023,9/30/2024
Tracey Hood,41,TAS,Home,4597.75,829.49,Rejected,1/13/2023,4/15/2023
Ronald Young,52,TAS,Home,435.21,413.28,Approved,3/31/2024,1/4/2025
Christopher Smith,46,SA,Home,4106.62,4929.44,Approved,10/6/2022,4/26/2023
Henry Blair,64,TAS,Life,4044.37,15675.34,Approved,2/3/2024,7/9/2024
Shannon Ellis,23,SA,Health,488.55,3608.42,Rejected,7/4/2023,1/24/2024
Megan Clark,58,SA,Travel,2612.47,7894.25,Approved,4/14/2024,9/9/2024
Luke Smith,40,WA,Travel,3143.14,13370.16,Rejected,7/14/2024,3/30/2025
Diana Armstrong,57,SA,Life,3629.75,1423.78,Pending,3/11/2023,7/22/2023
Andrew Craig,49,QLD,Health,3583.36,4507.33,Approved,5/12/2024,5/16/2024
Tracy Howard,48,QLD,Car,3645.56,3969.07,Approved,7/28/2023,5/19/2025
Mark Hurst,52,NT,Life,3287.92,7411.7,Approved,4/2/2024,5/27/2024
Cynthia Combs,55,QLD,Health,4806.84,16174.14,Approved,4/12/2024,7/26/2024
Jennifer Castillo MD,22,NT,Travel,2578.21,18260.58,Approved,5/3/2023,5/30/2024
Michael Graves,44,ACT,Home,3901.72,13837.11,Rejected,1/5/2023,8/13/2024
Jamie Haney,43,NSW,Travel,530.72,11668.22,Rejected,3/22/2024,3/7/2025
Kathleen Tate,53,VIC,Life,2404.42,15993.84,Pending,1/20/2023,5/4/2024
Brandy Brown,27,NT,Life,3615.11,6758.85,Rejected,11/13/2023,8/20/2024
Christine Morgan MD,65,QLD,Home,4913.52,4936.25,Approved,12/24/2023,10/23/2024
Greg Johnson,66,SA,Travel,4544.48,7373.56,Approved,8/10/2023,8/4/2024
Austin Silva,62,SA,Health,2717.66,5446.52,Rejected,3/1/2024,7/9/2025
Jordan Hill,30,VIC,Car,546.8,2595.07,Approved,4/1/2023,2/12/2025
Joanne Lang,73,NSW,Car,2941.15,3097.89,Approved,8/4/2023,8/31/2024
Dawn Collins,53,VIC,Car,4180.99,16041.31,Pending,3/20/2024,6/1/2025
Michelle Perry,27,NSW,Health,2616.26,7717.92,Approved,7/14/2023,5/25/2025
Stephanie Rowe,21,NSW,Car,1678.11,1947.04,Pending,8/23/2023,7/1/2025
Karina Harris,54,TAS,Home,2847.19,1587.7,Approved,10/23/2023,7/12/2025
Michael Webster,61,QLD,Health,3869.47,8798.91,Rejected,8/1/2022,6/20/2023
Joshua Smith,43,ACT,Home,4081.98,15514.93,Rejected,10/29/2022,4/20/2024
Kevin Kline,37,VIC,Home,2542.35,5193.97,Approved,7/7/2024,1/24/2025
Kristen Richardson,44,WA,Home,4561,10269.44,Pending,2/19/2024,4/30/2024
Christopher Bright,69,SA,Car,4315.64,2181.33,Approved,12/15/2023,6/28/2024
Debra Hamilton,60,ACT,Travel,3192.73,9747.35,Approved,5/22/2024,12/4/2024
Jill Terry,50,NT,Life,4450.95,4721.67,Approved,1/9/2023,6/7/2023
Jose Hood,28,SA,Health,3615.82,18608.4,Pending,5/3/2023,10/23/2024
Samantha Garcia,40,TAS,Health,2179.84,6890.85,Approved,3/19/2024,8/25/2024
Darlene Huffman,30,QLD,Travel,3232.4,890.28,Approved,3/2/2023,6/14/2025
Lisa Diaz,53,ACT,Health,1391.47,3601.96,Pending,3/21/2024,10/8/2024
Stephanie Robinson,65,SA,Car,1344.16,11019.11,Approved,7/2/2024,7/26/2025
Michelle Wright,19,VIC,Travel,4529.17,5468.75,Rejected,9/4/2022,4/5/2023
Latoya Brown,54,NSW,Car,888.47,12633.15,Approved,11/21/2022,4/30/2024
Kristina Davis,70,WA,Home,4825.98,18996.79,Pending,1/29/2024,4/5/2025
Jennifer Wong,30,TAS,Home,1603.18,17226.09,Pending,3/9/2023,10/3/2024
Catherine Morris,36,ACT,Car,656.65,12230.02,Approved,5/3/2023,11/11/2023
Rachel Cooley,58,ACT,Car,2215.18,17090.15,Approved,3/20/2024,4/10/2024
David Duke,29,SA,Life,4292.79,10521.84,Approved,12/31/2022,6/11/2024
William Spears,61,SA,Travel,783,57.16,Approved,4/3/2024,12/30/2024
Melissa Edwards,73,NSW,Home,2505.44,2822.28,Approved,8/11/2023,5/9/2024
Eric Steele,36,NSW,Life,4424.32,4779.98,Approved,10/30/2022,1/28/2024
Kristina Hill,75,NSW,Life,1518.56,9521.68,Pending,8/22/2022,11/27/2023
Tammy Roberts,71,QLD,Home,477.68,3784.5,Rejected,7/24/2024,1/15/2025
Megan Rice,35,QLD,Health,3896.35,4571.79,Approved,1/8/2023,1/6/2025
John Cantu,58,QLD,Home,1565.12,8664.78,Approved,1/6/2024,2/4/2024
Leah Randall,40,WA,Travel,4588.64,18505.17,Rejected,2/8/2024,6/12/2024
Paul Wilcox DDS,62,NT,Life,3653.94,15450.29,Pending,3/16/2024,7/21/2025
Christine Chang,61,NT,Health,1882.4,1442.4,Approved,9/13/2022,3/1/2023
Brett Burnett,47,VIC,Travel,4286.04,5120.22,Rejected,6/15/2024,6/21/2025
Lee Carrillo,58,QLD,Car,4135.88,7874.92,Approved,8/18/2023,11/26/2024
Stephanie Conrad,57,TAS,Car,1932.44,2857.79,Approved,7/16/2023,12/21/2024
Elizabeth Reynolds,40,QLD,Home,1239.53,9611.19,Approved,7/27/2024,7/2/2025
Michele Harrington,25,TAS,Life,3792.08,9525.46,Approved,4/28/2024,6/8/2024
Tracy Hebert,20,SA,Health,2527.78,18009.83,Approved,8/4/2022,2/28/2025
Theresa Mcintosh,64,SA,Health,3864.7,6858.97,Approved,5/18/2024,8/29/2024
Nancy Thompson,43,WA,Health,4732.98,14867.49,Approved,2/23/2024,1/5/2025
Reginald Brown,19,NSW,Life,1370.39,816.95,Approved,11/20/2023,5/21/2024
Stephen Gonzalez,48,QLD,Car,3201.85,14910.33,Rejected,1/2/2024,4/23/2025
Lauren Charles,56,TAS,Travel,1012.9,16315.04,Approved,8/24/2023,10/19/2024
Michael Nelson,34,NT,Life,4988.28,3699.72,Approved,7/28/2024,1/25/2025
Ashley Austin,27,WA,Life,458.53,13416.62,Rejected,8/12/2023,11/10/2024
James Byrd,28,QLD,Health,403.94,19987.14,Pending,9/29/2023,3/25/2024
Amanda Murray,35,QLD,Life,2255.77,8237.98,Approved,1/18/2023,9/14/2024
Joseph Smith,56,TAS,Car,3650.61,2317.19,Approved,11/3/2023,9/4/2024
Jill Barron,29,SA,Home,4596.91,1922.02,Approved,9/5/2023,7/20/2025
Nathan Li,64,VIC,Travel,2809.45,18494.7,Rejected,1/16/2024,8/7/2024
Molly Dudley,29,QLD,Travel,2895.87,6990.8,Approved,4/3/2024,6/24/2024
Amy Martin,53,VIC,Car,4212.98,16303.52,Approved,10/10/2023,7/25/2025
Michael Randall,59,WA,Travel,1051.29,17233.33,Approved,9/7/2023,3/7/2025
Sandra Gonzalez,43,TAS,Life,3527.01,18111.84,Rejected,5/17/2023,11/25/2024
Sabrina Mcintosh,52,WA,Car,1630.99,12060.95,Approved,12/23/2023,7/20/2024
Donna Griffith,61,NT,Health,4655.25,625.25,Approved,5/9/2023,2/24/2025
Ronald James,39,TAS,Life,2491.95,15942.96,Pending,4/21/2023,5/21/2024
Tiffany Kennedy,55,VIC,Home,2475.19,17068.4,Approved,4/6/2024,1/2/2025
Julie Jones,51,VIC,Travel,3675.73,9191.6,Pending,10/15/2023,3/19/2024
Richard George,32,QLD,Car,3050.64,5187.78,Approved,5/7/2024,11/5/2024
Martha Davis,60,VIC,Life,1124.01,10965.53,Approved,1/6/2023,5/31/2025
Jennifer Villa,58,SA,Home,2713.45,15401.46,Approved,6/18/2023,5/4/2024
Amber Gutierrez,48,WA,Life,2811.62,9675.16,Approved,6/29/2024,4/14/2025
Anna Rodriguez,50,WA,Car,1809.01,9931.38,Approved,4/30/2023,1/16/2025
Renee Johnson,37,NSW,Car,4468.37,19091.29,Rejected,7/7/2023,10/4/2023
Destiny Nelson,41,NT,Health,4128.3,9311.38,Approved,9/23/2022,9/27/2024
Jessica White,24,SA,Car,3267.49,4538.24,Pending,9/20/2022,8/17/2024
Mandy Rocha,18,ACT,Car,4493.2,8706.78,Approved,12/21/2023,3/3/2025
Rodney Nichols,61,SA,Car,4305.5,13542.97,Approved,3/11/2023,8/2/2023
Paige Carroll,32,TAS,Home,1661.74,7913.06,Approved,12/16/2023,4/23/2024
Susan Palmer,38,NT,Travel,1945.56,3958.88,Approved,9/15/2022,2/15/2025
Lisa Mullen,71,NT,Life,2953.62,1946.08,Pending,10/8/2022,7/30/2025
James Kemp,36,ACT,Health,2712.32,14505.84,Rejected,7/10/2023,8/25/2024
Terry Andrews,25,TAS,Car,1131.2,490.98,Approved,3/31/2023,2/7/2024
Kelly Carroll,24,TAS,Health,2701.14,3725.84,Approved,10/11/2022,10/20/2023
Melissa Parker,55,TAS,Life,749.98,9559.48,Approved,3/11/2023,3/30/2024
Kathleen Hill,49,SA,Travel,1657.56,17020.96,Approved,5/18/2023,10/11/2024
Morgan Humphrey,68,QLD,Travel,2299.04,10646.47,Approved,10/10/2022,5/10/2025
Jennifer Ray,47,QLD,Car,1749.52,4853.37,Approved,9/26/2022,6/19/2023
Walter Diaz,42,VIC,Health,4944.58,16993.12,Approved,7/15/2023,12/19/2024
Robert Elliott,33,WA,Travel,496.78,3676.32,Approved,12/21/2023,4/10/2025
Christopher Thompson,46,SA,Car,1894.59,18789.99,Approved,12/30/2022,1/11/2025
Barbara Hernandez,44,QLD,Travel,2834.19,19366.95,Rejected,10/4/2023,6/30/2025
Tara Wilson,30,NT,Health,3735.57,4972.1,Approved,1/6/2024,9/19/2024
Kimberly Contreras,45,SA,Life,2875.2,8761.9,Approved,12/10/2022,6/8/2024
Mary Rodriguez,56,VIC,Home,4736.5,15979.02,Rejected,10/20/2022,1/9/2023
Hunter Rich,27,ACT,Car,981.92,9864.54,Approved,7/21/2023,5/2/2025
James Gardner,36,ACT,Life,1566,1265.56,Approved,4/19/2023,9/6/2024
Mark Taylor,24,NT,Health,3309.62,14808.51,Rejected,4/21/2023,7/26/2024
William Burke,47,SA,Life,2322.13,13263.6,Rejected,1/12/2023,10/3/2023
Charles Gomez,24,WA,Health,4789.63,18143.79,Approved,9/10/2022,11/27/2023
Stephanie Dalton,69,NSW,Health,4333.22,14057.35,Approved,7/10/2023,7/31/2024
Jennifer Campbell,31,TAS,Travel,376.27,1457.53,Approved,4/10/2024,6/13/2024
Cindy Hernandez,55,QLD,Life,2609.02,2471.91,Rejected,4/2/2023,8/2/2024
Joseph Brown,72,SA,Life,3183.31,4036.44,Approved,3/18/2024,7/25/2025
Gerald Moore,48,ACT,Travel,2738.65,19233.72,Approved,6/20/2024,7/7/2025
Michael Simmons,70,QLD,Travel,4448.02,10851.54,Approved,3/4/2024,7/27/2024
Stacy Moreno,52,VIC,Travel,2919.55,8132.16,Rejected,4/1/2023,8/23/2023
Felicia Mcdaniel,36,TAS,Home,1989.11,9567.34,Approved,3/18/2024,3/6/2025
Gary Williams,32,SA,Life,3565.62,11893.44,Approved,1/7/2023,3/16/2025
Steven Collins,68,QLD,Travel,1859.29,15.94,Approved,1/24/2023,2/14/2024
Scott Barajas,22,NSW,Travel,1200.23,4907.06,Pending,2/9/2023,8/24/2023
Taylor Norris,19,TAS,Home,2299.89,1217.75,Rejected,9/5/2023,1/27/2025
Denise Morrison,45,VIC,Health,1843.64,13518.38,Pending,5/16/2024,10/29/2024
Andrew Bond,73,NT,Health,2409.38,690.75,Approved,6/13/2023,7/1/2024
Benjamin Wilson,74,TAS,Travel,2236.06,3689.54,Approved,2/9/2023,9/12/2024
Megan Mitchell,63,ACT,Travel,4526,10110.58,Rejected,9/5/2022,6/18/2024
Travis Parker,34,ACT,Home,356.4,1707.4,Rejected,7/6/2024,7/31/2024
Mr. Stephen Fitzgerald,65,WA,Car,2446.15,4786.39,Approved,5/4/2024,4/29/2025
Fernando Smith,24,SA,Car,949.66,2159.96,Pending,5/30/2023,4/14/2025
Thomas Mills,24,NSW,Home,976.21,5924.63,Rejected,2/25/2023,1/22/2024
Lydia Costa,32,WA,Home,476.61,2005,Approved,6/19/2024,5/6/2025
Wendy Russell,67,NSW,Home,2542.19,6512.85,Approved,9/22/2022,6/24/2025
John Kennedy,73,WA,Travel,884.73,2664.54,Approved,7/21/2023,8/18/2023
Crystal Acosta,46,TAS,Car,1726.34,3487.06,Approved,1/12/2024,7/9/2024
Robert Brown,39,ACT,Home,2900.95,13129.49,Pending,6/22/2024,1/21/2025
Deborah Campbell,42,ACT,Health,4244.12,12897.97,Pending,11/22/2022,1/1/2023
Brenda Parker,52,SA,Home,4678.64,13599.54,Approved,6/23/2023,8/18/2023
Wayne Simon,26,NSW,Car,2241.43,4301.62,Approved,10/2/2023,2/17/2025
Tracy Schultz,74,WA,Car,823.1,11937.38,Pending,12/24/2023,3/1/2025
Amber Ford,44,ACT,Life,1619.26,1605.04,Approved,2/12/2023,3/25/2025
Gabriel Williams,51,TAS,Home,2694.28,11527.91,Pending,3/16/2024,7/30/2025
Sara Foster,66,NT,Health,4107.37,8695.21,Pending,4/30/2024,8/14/2024
Roger Maldonado,65,ACT,Travel,3792.09,13795.28,Pending,2/8/2024,8/7/2024
Angela Wood,75,ACT,Home,1059.59,14200.13,Approved,8/25/2022,3/1/2025
Michelle Roberson,40,ACT,Health,4029.91,6585.63,Pending,9/10/2023,11/7/2023
Randy Sanders,27,TAS,Home,312.32,236.38,Approved,12/8/2022,5/17/2023
Wesley Montgomery,36,TAS,Life,3497.54,10080.23,Approved,8/25/2022,2/3/2023
Anna Walter,24,VIC,Health,3012.21,19596.86,Rejected,4/17/2024,9/2/2024
Juan Stanley,46,SA,Home,3400.38,11850.87,Approved,11/22/2023,6/10/2024
Cynthia Charles,62,VIC,Health,1607.97,4166.57,Approved,3/17/2024,12/28/2024
Brianna Evans,18,ACT,Health,1797.3,9974.76,Pending,5/29/2024,10/31/2024
Lydia Mitchell,68,WA,Health,2136.57,19704.2,Rejected,3/30/2023,9/2/2023
Javier Peterson MD,47,QLD,Home,3823.93,2613.56,Approved,6/6/2023,8/22/2023
Barbara Richard,21,NSW,Life,832.94,3860.71,Approved,10/14/2022,3/15/2023
Jessica Ingram,32,TAS,Home,3957.92,4710.56,Approved,2/7/2024,6/20/2025
John Johnson,75,QLD,Home,387.81,6494.53,Approved,10/12/2023,1/10/2024
Janice Rogers,32,VIC,Health,4630.23,1973.32,Rejected,8/24/2022,4/7/2023
Katherine Hawkins,28,NSW,Car,790.05,1496.58,Approved,12/26/2023,11/21/2024
Ryan Marshall,23,VIC,Travel,874.24,10428.03,Approved,8/11/2023,6/2/2024
Kyle Anderson,34,ACT,Car,3826.79,15727.9,Approved,3/16/2023,4/3/2024
Natalie Rodriguez,60,VIC,Health,3438.23,5954.29,Approved,3/2/2023,4/28/2023
Darren Weber,46,NSW,Car,4051.95,19878.01,Approved,4/5/2024,4/5/2025
John Lewis,18,TAS,Travel,2822.67,14423.09,Approved,3/26/2023,12/16/2023
Laura Smith,25,QLD,Car,3926.47,11591.47,Approved,9/3/2022,1/31/2023
Frank Rios,36,NSW,Travel,2914.31,8510.11,Approved,6/16/2024,6/12/2025
Emily Simpson,47,ACT,Life,4008.33,12827.65,Approved,10/22/2022,4/26/2024
Crystal Stokes,53,VIC,Travel,4207.96,12777.42,Rejected,3/18/2023,7/1/2023
Carrie Riley,56,SA,Car,4827.15,19498.89,Approved,2/28/2024,4/11/2025
Sabrina Bass,48,VIC,Life,317.89,2464.68,Approved,9/30/2023,10/5/2023
John Wagner,46,NT,Travel,4804.49,19058.69,Rejected,8/20/2023,5/8/2025
Ashley Prince,52,ACT,Car,2515.12,11640.36,Approved,4/29/2024,1/31/2025
Hailey Hill,70,TAS,Life,2804.15,14994.9,Pending,4/19/2023,6/2/2024
Laura Wright,44,VIC,Health,1504.54,12266.59,Pending,3/27/2024,4/13/2025
Mrs. Kathy Hooper,18,SA,Travel,4010.63,11515.99,Approved,6/24/2024,7/9/2025
Angelica Clark,26,ACT,Life,3315.32,14417.69,Approved,1/14/2023,10/9/2024
Melinda Woods,55,QLD,Health,4222.49,9640.54,Rejected,3/11/2023,11/17/2023
Victoria Miller,62,TAS,Health,3748.55,420.41,Approved,2/20/2024,6/17/2025
Samuel Moore,45,NSW,Car,2688.92,5992.57,Approved,4/10/2024,2/11/2025
Anthony Gutierrez,50,ACT,Home,4887.27,18295.06,Rejected,5/6/2023,7/14/2025
Vickie Castro,45,TAS,Home,491.08,10465.58,Approved,3/9/2023,4/12/2024
Mark Weaver,58,NSW,Car,1191.34,10022.81,Approved,7/28/2024,7/12/2025
Heather Barajas,68,SA,Health,4707.45,4559.34,Rejected,1/8/2024,1/29/2024
Scott Hogan,36,SA,Home,3677.1,15834.52,Pending,9/26/2022,10/30/2023
Ronald Bell,73,SA,Life,2260.75,11427.18,Rejected,10/19/2022,1/2/2023
Amy Reid,41,TAS,Car,1065.04,4019.89,Approved,2/26/2023,3/10/2025
Laura Hernandez,46,TAS,Life,1831.75,12976.81,Approved,9/30/2023,4/21/2025
Veronica Hunter,44,TAS,Life,1875.02,1949.75,Approved,9/23/2022,11/20/2023
Edward Pope,52,TAS,Home,4960.39,3257.13,Pending,3/16/2023,11/2/2024
Justin Hernandez,40,TAS,Health,2039.3,18039.95,Approved,6/18/2024,12/5/2024
Wesley Russell,39,QLD,Car,493.2,17557.63,Pending,3/23/2024,9/14/2024
Kimberly Williams,42,WA,Travel,3905.21,13477.86,Approved,4/30/2023,5/19/2023
Katie Gray,61,QLD,Home,3388.4,3238.26,Approved,8/10/2022,4/3/2023
Megan Smith,63,ACT,Travel,4125.7,9861.03,Rejected,11/13/2023,1/3/2025
Jennifer Mcdonald,41,TAS,Life,3090.44,227.95,Rejected,6/3/2024,8/30/2024
Theresa Harvey,45,ACT,Life,4658.59,13465.99,Approved,2/4/2023,8/23/2023
Jeffrey Schmidt,62,TAS,Health,4428.74,7741.19,Pending,10/14/2023,10/10/2024
Calvin Cruz,27,SA,Home,4997.81,6202.39,Pending,8/9/2022,7/20/2024
Sydney Cox,64,VIC,Home,1992.33,4509.64,Approved,8/18/2022,12/13/2022
Caroline Deleon,53,WA,Health,4860.42,14644.06,Approved,1/31/2024,6/28/2025
Joseph Morris,62,QLD,Home,3411.61,9374.89,Rejected,4/20/2023,1/3/2025
Robert Wright IV,59,WA,Travel,920.05,606.17,Approved,4/13/2023,12/24/2024
Tamara Nguyen,25,SA,Home,4516.21,3995.78,Approved,12/30/2022,4/30/2023
John Massey,27,QLD,Car,2052.48,12885.84,Pending,8/15/2023,3/10/2025
Jasmine Jenkins,22,SA,Car,567.36,14414.35,Approved,11/13/2022,12/14/2022
Jason Copeland,49,TAS,Travel,1899.69,19430.64,Rejected,5/18/2024,9/27/2024
Travis Rios,63,VIC,Home,4248.48,16682.83,Approved,7/11/2024,5/1/2025
Kimberly Jensen,49,NSW,Travel,1879.05,3471.91,Approved,4/4/2023,3/22/2025
David Williams,45,NSW,Travel,1933.34,5589.56,Approved,8/11/2023,3/10/2024
Erik Moran,39,WA,Car,971.91,12320.5,Approved,6/15/2024,4/27/2025
Joseph Klein,55,VIC,Life,1664.54,846.2,Approved,8/29/2022,4/30/2025
Nathan Schultz,35,WA,Car,4060.45,4489.66,Approved,9/11/2022,4/4/2025
Aaron Terrell,26,ACT,Life,3187.36,7151.95,Approved,4/25/2024,12/26/2024
Timothy Graham,55,WA,Travel,1389.9,9077.31,Approved,8/23/2023,3/20/2024
Phillip Larson,71,NT,Health,575.19,71.43,Approved,9/21/2023,12/27/2024
Andrea Baldwin,55,TAS,Life,1781.5,17498.22,Rejected,10/8/2022,7/7/2025
Kristina Harrington,30,ACT,Home,2065.08,17723.87,Pending,2/10/2023,3/13/2025
Melissa Gonzales,73,QLD,Car,2176.94,12735.22,Rejected,5/23/2024,12/13/2024
Carla Dalton,72,ACT,Health,684.69,15696.73,Rejected,3/2/2024,12/25/2024
Deborah Scott,57,NSW,Car,2826.05,5182.04,Rejected,9/21/2022,12/17/2024
Lawrence Jackson,70,QLD,Health,1111.34,12052.94,Approved,11/1/2022,2/27/2024
Stacy Woods,34,WA,Health,4756.75,12716.15,Rejected,8/31/2023,4/19/2025
Karina Schultz,56,VIC,Home,1378.73,17485.98,Approved,11/11/2023,3/21/2024
Jackie Shelton,68,NT,Life,1145.62,3739.94,Approved,10/7/2023,4/29/2024
Felicia Brown,35,NSW,Health,1370.32,16156.14,Approved,10/2/2022,12/21/2023
Valerie Walker,19,NT,Health,2013.89,7191.21,Rejected,12/8/2023,7/26/2025
Justin Davis,62,NT,Travel,3858.9,18848.4,Rejected,9/10/2023,5/24/2024
Anthony Schaefer,22,TAS,Life,3237.07,13552.93,Approved,2/17/2024,2/3/2025
Kelly Brady,65,TAS,Travel,1495.11,15973.73,Approved,11/17/2023,3/18/2025
Dr. Cory Martinez,25,NT,Health,4228.93,15153.85,Rejected,7/12/2024,7/1/2025
Adriana Glass,74,SA,Health,4666.26,10226.51,Approved,3/26/2024,9/11/2024
Sydney Brown,66,SA,Car,2858.61,17758.06,Approved,8/18/2022,12/19/2023
Melissa Brooks,44,SA,Life,3657.4,18742.71,Approved,1/20/2024,8/10/2024
Benjamin Campbell,21,QLD,Car,3867.01,16187.06,Pending,8/14/2023,10/21/2023
Ricardo King,58,ACT,Health,2016.02,4593.11,Pending,9/2/2023,9/30/2024
Tyler Wade,40,ACT,Life,4910.8,11107.16,Approved,8/20/2022,3/7/2024
Brian Jones,64,TAS,Car,1689.61,7432.5,Approved,10/7/2022,4/9/2024
Victoria Lee,34,QLD,Life,1948.65,7393.1,Approved,11/10/2022,1/21/2025
Angel Ho,47,VIC,Life,1665.32,11102.76,Pending,9/12/2023,7/13/2024
Anthony Arroyo,67,QLD,Life,4574.48,4865.33,Approved,7/29/2024,10/27/2024
David Winters,44,NT,Travel,1166.27,1000.95,Pending,5/24/2023,9/21/2024
Catherine Massey,46,NT,Health,783.14,8881.87,Approved,2/17/2024,4/14/2025
Brandi Griffith,72,VIC,Health,2413.44,475.29,Approved,3/3/2023,4/1/2025
Anthony Obrien,63,QLD,Health,4554.23,8777.11,Approved,7/27/2023,10/23/2023
Richard Carter,26,VIC,Home,4198.66,12117.05,Approved,5/10/2023,11/12/2024
Jessica Sandoval,24,ACT,Home,3658.7,14733.04,Rejected,2/11/2024,6/25/2025
Lisa Moore,57,WA,Home,4865.4,5330.15,Approved,11/10/2022,10/25/2024
Gary Patterson,27,NT,Health,2616.37,2854.33,Approved,9/9/2022,10/23/2023
Michelle Martinez,29,NT,Home,4598.32,3727.4,Rejected,6/30/2024,9/24/2024
Jacob Butler,29,TAS,Car,4681.59,12729.86,Approved,4/7/2023,7/18/2023
Melissa Bailey,45,NSW,Home,2502.12,9957.98,Approved,11/3/2022,8/13/2023
Debra Stone,28,VIC,Home,3840.21,17045.19,Approved,1/10/2024,2/23/2025
William Taylor,75,NSW,Car,1040.59,17927.89,Approved,5/31/2023,6/6/2024
Carrie Larson,34,SA,Health,1046.44,11916.95,Approved,8/1/2022,9/3/2023
Elizabeth James,35,SA,Travel,3322.37,8018.36,Approved,4/7/2024,5/12/2025
William Ewing,32,VIC,Car,848.45,4345.03,Approved,2/23/2023,8/20/2023
Rachel Johnson,34,NSW,Car,3260.75,15262.54,Approved,4/24/2024,6/29/2025
Tamara Mcdaniel,21,NSW,Life,3622.67,7237.05,Rejected,5/27/2023,8/27/2023
Jessica Galvan,35,ACT,Life,2051.97,6083.83,Pending,9/4/2022,12/25/2022
Aaron Christian,56,VIC,Health,2886.8,12950.2,Approved,2/27/2024,4/14/2025
Lauren Baker,61,SA,Car,3032.98,2256.93,Approved,9/2/2023,4/3/2025
John Marquez,70,VIC,Car,3209.22,5496.62,Pending,9/5/2023,4/23/2025
Jane Prince,65,NT,Health,4384.8,11057.19,Pending,3/3/2023,1/5/2025
Audrey Robertson,75,NSW,Travel,1497.32,7270.82,Pending,9/14/2022,5/15/2023
Heather Rodriguez,62,SA,Home,4895.48,2522.93,Rejected,8/21/2022,11/25/2022
Steven Weeks,75,NT,Car,1685.24,3070.84,Approved,8/13/2022,1/12/2023
Stephen Gonzalez,60,WA,Car,2822.33,10764.42,Approved,10/28/2023,6/10/2025
Preston Henry,74,QLD,Travel,4983.32,2865.74,Approved,3/16/2024,2/8/2025
Kyle Mcconnell,67,TAS,Home,4718.35,17706.42,Approved,5/6/2023,8/29/2023
Kyle Chan,59,WA,Life,3266.53,14151.59,Pending,6/13/2024,1/15/2025
Mark Castillo,60,ACT,Life,2072.99,18112.79,Pending,3/30/2023,10/21/2024
Jessica Hatfield,63,VIC,Car,2866.8,12356.94,Rejected,12/14/2023,4/12/2025
Gwendolyn Hebert,68,QLD,Car,4434.66,14241.06,Approved,10/5/2023,7/22/2025
Marilyn Jensen,23,VIC,Health,2408.65,3182.1,Approved,10/29/2022,11/7/2022
Stanley Berry,66,NSW,Home,4289.14,7970.06,Approved,11/8/2022,3/3/2025
Ashley Miller,62,SA,Car,4071.88,3369.87,Approved,10/13/2023,3/13/2024
Adrienne Harris,56,NSW,Travel,3287.25,11702.34,Pending,6/20/2023,8/24/2023
Joshua Randolph,46,NT,Travel,4470.35,150.48,Rejected,1/12/2023,3/18/2024
Brandy Booth,37,VIC,Travel,1678.76,1513.93,Approved,6/24/2024,10/7/2024
Alexander Obrien,25,SA,Travel,3329.2,15068.18,Approved,2/1/2023,5/14/2024
Margaret Simpson,36,VIC,Travel,597.33,17548.02,Approved,11/7/2022,4/21/2023
Louis Newton,36,QLD,Life,2764.52,10003.45,Approved,1/2/2024,5/9/2025
Susan Jones,30,SA,Home,990.53,272.52,Approved,8/4/2023,7/7/2025
Chad Smith,38,QLD,Travel,2573.14,10701.15,Pending,10/29/2022,7/7/2024
Daniel Holt,59,ACT,Health,2896.8,4174.92,Pending,7/13/2024,9/25/2024
Michelle Navarro,20,QLD,Life,4185.05,12077.23,Pending,2/5/2024,8/29/2024
Ralph Jefferson,41,WA,Travel,1089.47,140.85,Rejected,5/11/2024,3/1/2025
Randall Collins,38,NT,Home,1754.96,8670.77,Rejected,11/10/2022,1/28/2023
Jeffrey Kane,54,QLD,Life,1586.37,2538.04,Rejected,10/1/2023,6/7/2025
Keith Fleming,59,TAS,Home,4172.11,206.88,Approved,7/15/2024,2/15/2025
Christopher Hamilton,70,NSW,Life,398.94,5861.34,Approved,5/27/2024,7/9/2025
Raymond Perez,58,QLD,Car,4198.37,9347.43,Rejected,6/21/2023,4/15/2024
Lori Martinez,74,NSW,Life,1404.93,1257.51,Approved,9/22/2023,4/12/2024
Leslie Armstrong,63,QLD,Health,1522.93,14058.29,Approved,12/4/2023,7/10/2024
Emma Smith,71,TAS,Life,3517.94,6666.16,Pending,7/16/2023,9/1/2023
Michael Lee,55,NSW,Travel,3361.12,3253,Approved,3/13/2024,9/18/2024
Brianna Burgess,73,SA,Life,2983.06,3403.44,Rejected,2/14/2024,7/6/2024
Deanna Pham,29,VIC,Travel,4562.28,10419.96,Approved,7/5/2023,1/31/2025
John Monroe,30,TAS,Travel,901.17,7531.85,Pending,11/10/2022,7/13/2024
Christine Smith,75,WA,Car,4251.87,7249.17,Approved,6/16/2024,1/16/2025
Emma Parker,38,VIC,Home,3043.63,17040.14,Approved,4/7/2023,8/20/2023
Kelly Turner,68,SA,Travel,4611.65,5418.43,Pending,12/17/2022,10/23/2023
Alicia Harrell,26,ACT,Travel,1984.91,18020.49,Rejected,4/27/2023,8/3/2023
Scott Thomas,53,VIC,Car,348.27,11873.94,Approved,12/29/2023,7/29/2024
Lynn Lawrence,24,WA,Travel,2687.14,6585.42,Approved,12/2/2023,2/14/2025
Heidi Meyer,59,QLD,Car,4205.81,9711.22,Pending,9/9/2023,12/15/2024
Jeffrey Stewart,28,QLD,Health,1770.51,12036.23,Approved,6/19/2024,10/22/2024
Frederick Whitney,48,VIC,Home,1865.17,16750.42,Pending,3/7/2024,5/21/2025
Margaret Lee,40,WA,Travel,4882.39,11660.87,Pending,6/27/2024,1/19/2025
Diane Rivera,28,ACT,Travel,2088.26,8008.76,Approved,12/21/2023,5/4/2024
Lindsay Vasquez,69,WA,Home,1693.06,15765.29,Approved,1/7/2023,6/27/2024
Kenneth Carroll,35,QLD,Life,3053.15,10060.2,Pending,10/17/2023,7/5/2024
Steven Serrano,59,VIC,Health,2661.35,14429.55,Approved,9/14/2022,5/31/2024
Julie Rogers,52,SA,Life,2029.96,4000.77,Approved,7/6/2024,10/6/2024
Tammy Archer,28,QLD,Life,3435.34,15866.55,Approved,5/28/2023,1/29/2024
William Blanchard,18,SA,Home,2197.2,2780.9,Rejected,3/7/2024,6/14/2025
Leonard Gentry,33,NT,Car,1629.11,11732.01,Approved,6/21/2023,2/13/2024
Emma Payne,55,SA,Car,1271.42,469.98,Approved,12/2/2023,2/10/2025
Joshua Baker,66,NSW,Life,1018.25,9857.72,Rejected,7/14/2023,9/7/2023
Rebecca Rivera,46,TAS,Life,3038.21,15399.21,Approved,12/28/2022,9/13/2023
Rodney Thomas,69,QLD,Travel,442.05,5740.02,Approved,1/9/2023,5/13/2024
Gary Hernandez,38,WA,Car,1573.35,15095.54,Approved,11/7/2022,2/25/2024
David Barnes,29,VIC,Health,4973.84,7093.74,Approved,2/26/2023,12/1/2023
Michelle Taylor,43,TAS,Car,585.39,10310.04,Approved,10/10/2022,6/27/2025
Melvin Clark,41,NT,Life,1742.51,9958.35,Rejected,4/30/2024,2/14/2025
Nicole Carr,67,TAS,Life,3653.39,9450.27,Approved,5/11/2023,6/18/2024
Tom Mathews,75,ACT,Home,2973.12,3201.21,Approved,4/4/2023,12/15/2023
Ashley Walsh,61,ACT,Travel,2372.5,1495.47,Rejected,9/4/2022,7/13/2023
Michael Wilson,35,NSW,Life,1631.33,536.75,Approved,4/28/2023,3/26/2025
Randy Le,39,SA,Travel,1637.58,17565.92,Rejected,6/11/2024,2/17/2025
Gary Whitehead,50,NSW,Home,4050.13,19831.07,Approved,1/14/2024,3/26/2025
Daniel Evans,54,NT,Home,2734.14,14937.72,Rejected,11/10/2023,6/3/2025
Tina Sullivan,24,TAS,Home,1499.36,15997.88,Approved,9/14/2023,7/25/2025
Jessica Murphy,44,VIC,Car,3464.06,8392.87,Approved,5/29/2024,1/14/2025
Bridget Fitzpatrick,61,VIC,Life,357.38,8417.14,Rejected,10/20/2022,12/30/2023
Tyler Taylor,56,SA,Car,1090.07,16681.03,Approved,4/18/2024,7/4/2024
Glenda Jackson,59,VIC,Life,3751.43,8278.1,Rejected,8/16/2022,12/2/2024
James Cruz,32,ACT,Car,1250.64,2003.26,Pending,11/5/2022,1/4/2024
Linda Fisher,48,ACT,Life,3377.81,16508.77,Pending,9/13/2023,9/7/2024
Daniel Frank,57,ACT,Car,2929.95,1861.56,Rejected,5/11/2024,11/30/2024
John Montgomery,29,WA,Home,4909.62,13689.12,Approved,8/17/2022,11/19/2024
Michele Ray,34,SA,Health,650.02,16022.91,Approved,2/29/2024,7/4/2024
Anne Fisher,26,WA,Travel,3735.04,18679.18,Approved,9/4/2023,7/8/2025
Nancy Rodriguez,58,TAS,Home,2883.85,8878.56,Approved,1/24/2023,1/1/2025
Leroy Johnson,66,NSW,Life,4569.29,18266.8,Approved,2/5/2023,7/6/2024
Tiffany Mcclure,27,QLD,Travel,4322.15,18993.87,Pending,10/4/2023,6/10/2025
Christina Hamilton,45,NT,Home,4979.94,10204.72,Approved,5/24/2023,7/23/2024
James Gallagher,24,ACT,Car,487.97,5222.72,Approved,5/28/2024,7/6/2025
Gary Wagner,69,QLD,Life,2393.8,5002.48,Approved,4/30/2024,6/14/2025
Robert Porter,18,TAS,Car,1533.63,15560.24,Approved,10/5/2023,11/8/2023
John Harris,75,NSW,Travel,646.64,16127.74,Rejected,3/13/2024,3/21/2025
Jose Holloway,32,VIC,Life,998.69,15286.35,Pending,3/15/2023,4/9/2025
Kevin Roberts,33,SA,Travel,3372.71,2971.72,Approved,5/4/2024,6/17/2024
Megan Smith,67,SA,Car,2957.14,13218.47,Approved,1/9/2024,8/22/2024
Randall Byrd,27,VIC,Home,1827.29,15845.35,Rejected,5/20/2023,5/5/2025
Virginia King,55,WA,Car,2190.38,4444.13,Approved,4/22/2024,8/7/2024
Phillip Bullock,33,NT,Car,1723.67,19841.82,Rejected,10/19/2022,2/26/2024
Howard Smith,34,VIC,Home,3032.77,18904.74,Pending,5/20/2023,4/14/2025
Alyssa Dorsey,70,QLD,Home,2569.66,580.03,Rejected,3/15/2023,6/20/2025
Benjamin Brown,38,NSW,Life,2051.15,6747.79,Pending,7/23/2024,12/3/2024
Robert Smith,75,VIC,Home,4882.3,15703.87,Approved,4/23/2023,3/11/2025
Austin Mitchell,45,NSW,Health,4968.04,7529.09,Pending,6/16/2023,7/4/2024
Carolyn Boone,74,NT,Home,3194.51,15222.34,Approved,11/8/2023,4/21/2025
Craig Barnes,20,SA,Travel,757.47,17442.66,Pending,9/3/2023,5/13/2025
Brandy Peters,64,QLD,Travel,3552.7,18003.87,Approved,7/30/2023,11/3/2024
Jeffrey Miller,22,NT,Car,4641.27,844.98,Approved,3/31/2023,10/28/2024
Erik Johnson,42,NT,Travel,2508.57,5995.42,Rejected,3/21/2023,8/9/2024
Stephen Allen,24,VIC,Health,4805.1,11709.25,Approved,9/10/2022,2/18/2024
Dale Schaefer,25,NSW,Car,3101.81,18116,Rejected,4/8/2023,4/21/2024
Christine Riley,26,NSW,Home,645.06,11200.4,Pending,2/23/2024,4/14/2025
Karen Miller,68,NT,Car,2887.19,12168.1,Approved,5/2/2023,11/5/2023
Felicia White,53,NSW,Health,2311.72,3424.02,Rejected,8/29/2022,2/9/2023
Sean Rice,60,VIC,Car,475.16,8456.93,Approved,2/9/2023,9/4/2023
Samantha Meyer,64,QLD,Travel,2082.18,10443.01,Rejected,11/21/2022,5/26/2023
Stephanie Wilson,45,QLD,Life,1079.3,19463.92,Approved,6/30/2024,7/8/2024
Deborah Soto,36,SA,Home,551.72,910.78,Pending,12/28/2023,4/5/2025
Charles Gallagher,62,TAS,Travel,1232.95,12850.86,Approved,4/7/2024,7/21/2024
Keith Cruz,21,TAS,Home,1309.96,101.38,Approved,10/26/2022,5/18/2025
Bethany Campbell,46,QLD,Home,3506.25,11326.85,Approved,6/2/2024,5/31/2025
Mr. Tony Williams MD,71,SA,Health,2363.38,8771.07,Approved,8/27/2023,7/11/2025
Leslie Phillips,64,QLD,Life,753.07,4013.55,Approved,11/10/2022,2/13/2025
Donald Padilla,40,TAS,Travel,2785.54,16450.29,Pending,6/3/2024,10/14/2024
Laura Wall,62,SA,Travel,1769.35,8055.89,Approved,1/26/2023,4/4/2024
Jeffrey Taylor,38,WA,Travel,3130.36,18681.42,Approved,6/8/2024,3/1/2025
Charles Carrillo,27,QLD,Life,1901.84,7953.18,Rejected,4/23/2024,5/9/2025
Kimberly Medina,19,VIC,Car,4240.11,14630.49,Pending,12/18/2022,3/25/2024
Manuel Jones DVM,71,ACT,Home,4944.24,23.52,Rejected,5/14/2024,3/25/2025
William Clark,55,WA,Life,1133.75,6999.81,Approved,1/10/2024,12/6/2024
Natalie Duncan,51,NSW,Travel,1525.45,9878.46,Rejected,6/13/2023,6/10/2024
Michael Smith,61,TAS,Life,3916.6,1468.65,Approved,9/27/2023,6/17/2024
Scott Burns,23,SA,Health,1108.05,1068.38,Rejected,2/17/2024,12/31/2024
Brandon Jones,31,VIC,Health,965.52,1640.98,Pending,2/24/2023,2/18/2025
Kayla Lopez,44,QLD,Travel,1395.06,10114.4,Approved,9/8/2023,3/1/2025
Michael Torres,64,NT,Home,1836.24,2070.57,Rejected,9/29/2022,7/26/2023
James Hays,55,SA,Car,4777.43,17861.4,Pending,8/27/2023,1/3/2024
Kelly Moore,54,VIC,Health,2778.76,13293.56,Approved,6/6/2023,10/1/2024
Nathan Morales,70,NT,Travel,4247.74,4741.67,Approved,7/21/2023,1/2/2024
John Jones,46,TAS,Health,2811.13,6965.03,Approved,1/22/2023,12/29/2024
Kristin Adams,51,WA,Travel,1475.71,3343.84,Approved,12/10/2022,11/9/2024
Andrew Harris,32,NSW,Travel,1971.76,2866.46,Approved,9/25/2023,4/23/2024
Dr. Monique Carson,72,NT,Health,4128.11,431.5,Approved,9/27/2023,6/24/2025
Jessica Green,19,SA,Car,718.38,7213.06,Approved,7/9/2024,11/6/2024
Stephen Smith,53,ACT,Home,3009.8,2487.44,Approved,3/27/2023,10/7/2023
Michael Mooney,40,SA,Life,1893.78,2575,Approved,4/26/2024,2/3/2025
Kenneth Berry,51,TAS,Health,2350.43,5562.06,Approved,7/7/2023,8/27/2024
Angela Booker,57,NSW,Life,2346.11,997.75,Approved,10/18/2023,6/13/2024
William Johnson,52,NT,Travel,3454.49,14054.65,Pending,1/22/2023,5/12/2025
Abigail Moore,31,VIC,Home,2406.69,19826.51,Pending,11/15/2022,1/8/2024
Reginald Cook,57,VIC,Home,2924.81,5509.92,Pending,4/1/2024,5/26/2024
Dennis Hopkins,21,NT,Car,1881.44,12918.31,Approved,7/7/2024,5/11/2025
Aaron Dominguez,74,QLD,Car,1741.04,13792.56,Pending,11/26/2023,11/29/2024
Larry Smith,32,NT,Life,1054.05,9029.02,Approved,3/26/2024,3/19/2025
Howard Miller,68,NT,Car,3496.4,2887.1,Rejected,3/5/2023,3/8/2023
John Mccann,29,NSW,Health,1390.08,10038.37,Rejected,11/15/2022,4/14/2025
Dr. Brian Smith MD,25,QLD,Health,4534.78,2521.77,Approved,5/13/2023,4/16/2024
Jennifer Benson,72,TAS,Home,4090.86,7555.57,Approved,11/16/2022,8/26/2023
Amber Cervantes,22,NT,Life,3840.86,19518.66,Approved,5/26/2024,3/12/2025
Anthony Livingston,41,WA,Travel,3809.5,5601.08,Approved,5/15/2024,6/30/2024
Wendy Hernandez,52,NSW,Life,761.55,19484.09,Approved,1/7/2024,4/25/2024
Angela Harvey,37,VIC,Health,4570.7,1311.07,Approved,11/2/2022,6/3/2023
Tina Ali,26,NT,Home,1497.53,1678.24,Approved,2/3/2024,5/12/2024
Rachel Riley,66,WA,Home,452.39,8651.21,Approved,7/23/2023,2/17/2024
Jessica Smith,47,ACT,Life,1817.48,5357.93,Approved,6/27/2023,5/2/2024
Julia George,19,NSW,Life,4997.61,1843.47,Rejected,5/20/2024,4/17/2025
Kimberly Barnes,19,WA,Home,812.98,3232.86,Pending,3/19/2024,12/5/2024
Heather Hernandez,49,QLD,Home,4951.32,14797.92,Approved,10/7/2022,2/22/2024
Sarah Tucker,54,ACT,Health,1082.72,12476.01,Approved,11/13/2022,6/25/2025
Jordan Robinson,18,NT,Home,3009.62,2274.73,Rejected,12/10/2022,3/31/2024
Stephen Mitchell,37,VIC,Life,1070.37,2538.68,Pending,10/7/2023,12/7/2023
Patrick Gonzalez,27,WA,Life,2253.24,16928.51,Pending,1/28/2024,2/16/2025
Regina Nelson,45,SA,Home,3319.33,5139.26,Approved,5/21/2023,12/14/2023
Brandon King,24,NT,Travel,543.35,5765.26,Approved,10/1/2023,12/8/2023
Deborah Lane,39,TAS,Home,311.41,13452,Rejected,5/21/2024,7/12/2024
Miguel King,61,ACT,Life,629.55,2157.35,Approved,5/19/2023,6/12/2025
Jordan Gonzalez,22,NSW,Travel,340.07,1000.76,Pending,8/3/2023,6/20/2024
Megan Peterson MD,37,VIC,Home,529.63,17614.47,Approved,11/10/2022,8/4/2023
Sheila Ramirez,38,NSW,Health,1107.56,16793.88,Pending,8/17/2022,10/1/2022
Luke Davis,25,SA,Life,1149.06,5155.09,Approved,10/22/2022,5/24/2025
Taylor Gutierrez,33,ACT,Travel,3079.24,3092.02,Rejected,1/29/2024,4/6/2025
Sandra Howell,74,NT,Home,1703.59,12260.9,Approved,6/26/2024,1/15/2025
Michael Walker,25,NSW,Life,1304.47,3454.21,Approved,1/31/2024,3/5/2025
Manuel Foley,51,TAS,Life,3042.59,3323.62,Approved,10/9/2022,2/29/2024
Diana Baker,50,NT,Home,2497.01,4343.12,Approved,1/2/2024,7/18/2024
James Carroll,69,WA,Life,1913.5,962.37,Pending,12/4/2023,1/22/2025
Jasmine Schmidt,71,NT,Home,1407.06,17170.23,Approved,4/21/2024,4/24/2025
George Burton,73,SA,Car,1317.24,19429.91,Pending,4/14/2023,12/18/2023
Yesenia Gray,46,NSW,Travel,3796.46,19509.54,Rejected,10/1/2023,10/2/2024
Adam Mcgee,75,NSW,Health,4179.31,5991.22,Approved,2/4/2023,5/11/2024
Heidi Perry,57,QLD,Health,629.41,12625.04,Pending,1/11/2023,8/18/2023
Timothy Morales,35,TAS,Travel,2643.93,7095.23,Rejected,6/18/2024,5/12/2025
Joshua Potter,33,VIC,Life,2762.87,19483.54,Pending,12/17/2023,6/8/2024
Mrs. Rebecca Johnson,23,TAS,Travel,3884.61,6980.44,Approved,3/11/2024,10/12/2024
Jason Rogers,36,VIC,Home,4048.29,15670.36,Pending,4/29/2023,8/25/2023
Samantha Davis,61,VIC,Home,786.13,12314.17,Pending,5/26/2024,5/27/2025
Lisa Perry,42,QLD,Home,2962.77,5103.32,Pending,5/4/2023,12/16/2023
Gregory Haley,74,VIC,Travel,3652,11050.47,Approved,3/29/2023,4/17/2025
Valerie Peters,21,NSW,Home,1691.34,4106.93,Pending,3/22/2024,7/26/2024
Matthew Smith,57,TAS,Life,2665.84,18668.41,Pending,8/20/2022,11/13/2023
Brittany Perkins,19,SA,Travel,4864.76,13032.68,Approved,4/11/2024,4/27/2024
Douglas Vargas,33,ACT,Car,1583.35,14529.15,Approved,10/25/2022,1/19/2024
Kathy Roach,42,NT,Travel,2046.12,5058.17,Approved,7/18/2024,8/19/2024
Joel Cook,62,NSW,Car,1727.78,16817.59,Approved,4/7/2024,7/21/2024
Mr. Thomas Gonzales,38,WA,Home,2368.45,7740.26,Approved,10/4/2022,1/16/2023
Karl Johnson,75,ACT,Health,2530.03,7851.43,Approved,4/20/2024,6/2/2024
Gregory Thompson,22,SA,Travel,4566.41,465.3,Approved,3/8/2024,8/7/2024
Christina Arias,42,TAS,Car,3145.87,1016.72,Pending,6/17/2024,7/14/2025
Mary Carroll,56,TAS,Car,2905.68,8092.88,Rejected,8/15/2022,9/25/2022
Laura Sloan,39,NSW,Car,4557.82,666.86,Approved,10/21/2022,6/15/2024
Robert Jones,66,ACT,Travel,3790.78,19416.04,Approved,9/29/2023,5/13/2024
Mark Preston,20,ACT,Travel,1472.43,2056.14,Rejected,12/21/2022,4/18/2023
Paul Robinson MD,31,VIC,Health,3243.01,8029.97,Pending,11/12/2023,8/10/2024
Karen Daniel,35,NSW,Health,4297.06,16253.29,Approved,6/15/2023,7/17/2024
Katherine Clark,40,VIC,Car,3929.92,11939.38,Approved,8/10/2022,2/14/2023
Christine Choi,28,WA,Health,3839.5,11109.51,Approved,4/20/2023,7/18/2024
Douglas Roth,73,QLD,Car,2119.59,10977.51,Approved,2/1/2023,7/30/2024
Ian Sanders,73,NSW,Health,3157.35,12480.88,Rejected,7/7/2024,12/6/2024
Mr. Christopher Woods,22,SA,Health,1960.18,814.17,Approved,6/9/2023,8/24/2023
Monique Lambert,43,VIC,Life,1420.44,1233.48,Approved,5/27/2023,6/13/2023
Adam Anderson,58,VIC,Home,833.45,15739.23,Approved,4/21/2024,8/17/2024
Patricia Yates,38,ACT,Life,2132.77,1775.53,Approved,12/28/2022,7/11/2023
David Allen,31,ACT,Car,3999.39,13155.95,Approved,2/27/2023,3/30/2025
Daniel Young,69,QLD,Life,2540.96,2367.74,Approved,1/8/2024,6/1/2024
Susan Mora,20,WA,Travel,3757.56,9139.22,Pending,5/10/2024,9/24/2024
Jonathan Mendez,47,SA,Car,3610.01,10428.47,Approved,4/24/2024,3/12/2025
Steven Smith,38,SA,Car,2595.85,19146.49,Pending,11/13/2022,1/24/2025
Susan Ford,24,NT,Home,1496.37,2766.68,Approved,5/12/2023,8/6/2023
Steven Aguirre,59,ACT,Home,4651.42,19792.14,Pending,5/18/2024,3/21/2025
Timothy Vasquez,59,NSW,Life,4700.89,12938.4,Approved,6/12/2023,11/15/2023
Mary Salas,67,ACT,Health,884.96,10631.15,Approved,10/20/2023,7/13/2025
Sarah Mclean,39,SA,Car,4167.66,703.12,Rejected,3/11/2024,7/9/2024
Jennifer Nguyen,60,TAS,Life,415.68,12637.51,Pending,8/17/2023,12/10/2024
Gina Sanchez,41,VIC,Car,940.09,17445.65,Approved,10/17/2022,12/6/2022
Brett Bullock,22,WA,Car,1671.59,9375.72,Approved,8/28/2023,1/2/2024
Courtney Rodriguez,52,NSW,Health,397.09,18480.58,Rejected,11/26/2023,9/9/2024
Madison Hall,19,TAS,Health,1246.03,9386.63,Approved,8/4/2022,7/25/2024
Stephanie Jones,44,QLD,Life,1330.29,18959.89,Rejected,2/17/2024,5/17/2025
Victoria Raymond,36,ACT,Home,515.12,5180.73,Pending,5/5/2024,11/7/2024
Penny Sanders,32,SA,Travel,723.75,2753.44,Approved,11/28/2023,12/21/2023
Matthew Smith,59,VIC,Travel,866.86,13858.95,Pending,3/4/2023,11/25/2023
Marissa Smith,52,TAS,Travel,920.66,10633.8,Approved,1/4/2024,3/26/2025
Gerald Kim,73,VIC,Home,353.19,9552.95,Approved,3/12/2023,5/20/2025
Jacob Cooper,28,SA,Life,904.22,1725.07,Rejected,4/18/2024,4/15/2025
Erica Bennett,63,NSW,Car,2207.33,13679.37,Pending,6/8/2023,8/2/2023
Kyle Archer,72,WA,Home,4849.33,16327.25,Approved,8/8/2023,5/10/2025
Diana Douglas,46,NT,Health,1195.86,15248.99,Rejected,8/30/2023,2/6/2024
Mrs. Vanessa Green MD,68,QLD,Travel,4500.31,12261.96,Pending,10/27/2022,2/20/2023
Robert Smith,51,WA,Life,1486.48,930.03,Approved,12/29/2023,1/30/2024
Patricia Watson,55,NSW,Car,4541.12,1825.84,Rejected,10/4/2023,4/12/2024
Kathy Davis,22,QLD,Travel,4355.33,12773.75,Approved,11/20/2022,12/5/2022
Vicki Miller,56,SA,Home,4715.46,19638.22,Rejected,3/24/2023,7/22/2023
Victor Gonzalez,61,ACT,Car,4666.64,11211.69,Rejected,10/27/2022,12/30/2022
Casey White,66,NSW,Health,1199.74,1256,Approved,7/7/2023,5/4/2025
Jaime Mcneil,63,TAS,Travel,2590.05,15853.42,Approved,12/15/2023,11/5/2024
Kevin Wise,18,NT,Home,626.27,626.24,Pending,8/17/2022,12/16/2022
Patrick Hoffman,53,ACT,Life,3662.12,374.65,Rejected,7/29/2024,11/30/2024
Victoria Smith,64,QLD,Health,4481.89,6505.74,Approved,11/15/2023,1/6/2024
Cassandra Hodges,27,VIC,Travel,4096.98,17541.09,Approved,12/8/2023,9/20/2024
Bob Cooper,66,TAS,Home,1234.09,19361.09,Rejected,4/28/2023,5/12/2024
Michelle Delgado,41,NSW,Home,3879.84,9329.11,Approved,1/19/2023,10/3/2023
Mr. Alan Bolton,48,QLD,Home,3935.83,13204.73,Pending,11/25/2022,5/30/2025
Sandra Mitchell,44,TAS,Home,969.77,11161.44,Approved,9/25/2022,8/17/2024
Roberto Fisher,48,TAS,Life,2340.83,8256.98,Approved,6/2/2023,12/4/2024
Charles Wood Jr.,67,SA,Life,1393.58,13366.65,Approved,6/11/2023,12/25/2023
John Clayton,67,VIC,Life,1444.57,14022.13,Rejected,11/26/2023,5/14/2024
Jennifer Kline,60,TAS,Health,2596.38,15331.28,Approved,1/31/2024,5/24/2025
Edward Hendrix,31,SA,Home,518.12,7124.79,Approved,9/4/2022,6/18/2023
Steven Adams,54,WA,Life,2219.8,2223.6,Rejected,5/25/2023,4/27/2024
Daniel Morris MD,42,QLD,Health,2401.15,10708.56,Approved,10/31/2022,2/16/2024
Debbie Moore,53,VIC,Home,1218.23,14743.14,Rejected,5/11/2023,4/19/2024
Virginia Morris,63,ACT,Health,4769.24,10459.04,Approved,11/13/2022,6/22/2024
Rachel Fuller,35,TAS,Car,4395.04,19852.9,Approved,6/25/2023,5/19/2024
David Morgan,73,SA,Home,1218.18,10310.52,Approved,2/15/2023,12/22/2024
Jessica Powell,47,ACT,Travel,4169.82,1880.08,Approved,8/5/2022,8/31/2024
Sara Thompson,62,NSW,Life,2323.1,3776.5,Pending,11/25/2023,10/9/2024
Jack Reynolds,59,QLD,Car,3145.6,10092,Approved,4/5/2024,9/30/2024
Jennifer Sutton,43,TAS,Life,1046.06,3333.17,Approved,4/24/2023,9/22/2024
Mrs. Danielle Stewart DDS,31,QLD,Travel,3834.62,17057.55,Approved,10/4/2023,1/13/2025
Karen Scott,20,TAS,Health,2043.64,6131.77,Approved,12/10/2023,3/22/2025
Gary Campbell,20,TAS,Life,3646.02,275.47,Approved,9/12/2023,10/6/2024
Dominique Alvarado,28,QLD,Health,3362.41,3545.08,Approved,12/7/2023,12/12/2024
Kimberly Scott,60,NT,Health,4000.78,1975.36,Approved,11/13/2023,6/5/2025
Janice Ramirez,75,ACT,Travel,4937.75,11160.26,Approved,11/1/2022,3/9/2024
Donna Swanson MD,31,NT,Car,552.19,13577.16,Approved,6/11/2023,5/2/2024
Christopher Castro,58,NT,Health,586.49,17854.82,Approved,1/2/2023,6/29/2023
Sonya Bruce,27,SA,Travel,4122.1,19581.91,Approved,2/4/2023,10/29/2024
James Williams,38,NT,Home,2272.2,10559.32,Pending,11/4/2023,12/15/2023
Craig Jones,29,WA,Travel,3907.6,7019.49,Approved,12/11/2023,2/3/2024
Derrick Martinez,44,NSW,Home,4820.99,9375.79,Rejected,5/5/2024,2/20/2025
David Moore,56,ACT,Travel,3096.1,4495.51,Approved,4/21/2024,4/23/2025
Rickey Smith,31,TAS,Health,4534.03,12631.21,Approved,11/7/2023,3/6/2025
Charles Flynn,35,SA,Car,3790.16,4704.1,Rejected,6/17/2024,2/10/2025
Kerry Charles,21,TAS,Life,2545.22,18468.56,Approved,7/18/2023,9/5/2023
Tracy Butler,74,VIC,Life,832.81,18336.66,Pending,10/1/2022,2/18/2023
Hayden Odonnell II,60,NSW,Home,2437.6,8766.58,Rejected,2/19/2023,4/22/2024
Desiree Herrera,18,QLD,Life,4278.16,108.46,Pending,1/26/2023,10/25/2024
James Washington,31,VIC,Home,534.74,18533.71,Approved,1/9/2024,4/20/2025
Susan Reyes,36,QLD,Car,2754.66,11508.36,Pending,7/16/2023,12/8/2024
Brianna Woodward,45,ACT,Life,4768.56,7063.97,Approved,6/22/2024,5/30/2025
Dylan Walker,68,ACT,Travel,1712.22,19342.62,Rejected,6/22/2024,10/19/2024
Sarah Hartman,59,TAS,Health,759.17,5492.07,Approved,7/18/2023,3/16/2024
Jeffrey Smith,57,NSW,Health,2945.82,1830.88,Approved,3/3/2023,11/4/2023
Lisa Moore,51,WA,Home,3499.88,675.25,Approved,8/10/2022,4/2/2025
Theresa Watts,51,NT,Health,471.27,11772.43,Approved,3/22/2023,2/3/2024
Andrea Willis,64,VIC,Life,3682.07,3908.39,Pending,9/24/2022,2/7/2024
Crystal Miller,52,NSW,Health,3363.64,15317.54,Pending,12/10/2022,10/29/2024
Christopher Rosales,33,ACT,Home,3354,1770.44,Approved,3/14/2023,4/10/2025
Nicholas Wilson,43,TAS,Home,2186.53,9356.14,Approved,10/18/2023,3/6/2025
Daniel Miller,61,ACT,Travel,669.62,5617.11,Rejected,6/14/2023,6/22/2023
Jamie Wood,45,NSW,Life,4594.9,12496.99,Approved,12/14/2023,12/24/2023
Charles Ward,23,VIC,Car,365.78,13421.26,Approved,4/3/2023,7/18/2023
Christopher Lee,53,NSW,Travel,4208.84,18301.6,Approved,8/12/2022,11/29/2023
Tiffany Murphy,24,VIC,Health,737.65,4545.82,Approved,2/22/2023,8/16/2024
Joseph Mckee,48,QLD,Car,1343.64,285.5,Rejected,5/9/2023,1/22/2025
Brian Shaw,57,QLD,Travel,2537.36,15090.47,Approved,7/15/2023,6/6/2024
Caroline Jones,19,SA,Home,2634.52,8818.28,Approved,8/19/2023,7/29/2025
Amanda Ray,33,ACT,Life,2804.25,6980.14,Approved,8/5/2023,7/16/2024
Daniel Sanford MD,38,NT,Health,3641.78,9962.57,Approved,1/5/2023,4/26/2024
Kyle Blake,19,TAS,Health,1042.61,15793.13,Rejected,11/26/2022,4/14/2023
Barbara Sparks,53,NSW,Travel,748,12480.95,Approved,8/24/2022,2/19/2025
Kristi Vasquez,51,SA,Home,4504.49,1429.94,Approved,4/12/2023,10/8/2024
Latoya Duncan,32,ACT,Home,4060.35,15528.52,Approved,12/21/2022,6/27/2024
Travis Taylor,60,TAS,Health,985.96,953.88,Pending,9/26/2023,12/28/2024
Stephanie Willis,58,TAS,Health,3885.29,9680.89,Approved,9/12/2022,12/27/2023
Glenn Galloway,27,TAS,Health,790.5,725.09,Approved,12/6/2022,5/2/2025
Laura Welch,50,NSW,Car,4676.65,5693.6,Approved,11/20/2023,6/21/2024
Lindsey Jones,41,NT,Life,3422.6,7760.79,Approved,1/29/2023,3/4/2024
Cynthia Hernandez,32,ACT,Home,3771.06,2285.53,Approved,10/25/2023,9/2/2024
Stephanie Wolfe,60,TAS,Home,3356.99,18419.96,Rejected,9/10/2022,11/20/2024
Bethany Cummings,20,QLD,Car,3929.31,5504.34,Approved,3/29/2023,3/25/2025
Kevin Ferguson,45,WA,Home,4714.71,7667.41,Pending,12/28/2022,8/25/2023
Nicholas Moss,21,QLD,Life,2016.61,10421.27,Pending,5/10/2023,5/14/2024
Jimmy Bailey,59,NT,Home,490.13,6345.06,Pending,12/3/2023,5/24/2024
Lisa Whitehead,29,TAS,Home,1141.76,275.69,Approved,5/8/2023,7/22/2025
Norman Hebert,33,SA,Health,2946.03,14884.73,Pending,7/9/2024,9/3/2024
Nicole Cameron,18,NT,Health,625.42,8270.21,Approved,2/5/2023,11/5/2024
Jeffery Sims,72,VIC,Home,801.56,8276.3,Pending,6/8/2024,2/26/2025
Andrew Hill,30,QLD,Life,3204.17,7446.88,Approved,1/18/2023,6/29/2025
Michael Miller,48,SA,Life,4052.45,4600.57,Approved,2/26/2024,1/27/2025
Thomas Jones,37,NT,Life,3987.09,1426.13,Pending,6/11/2023,10/11/2023
Heather Ballard,34,WA,Home,3864.09,1255.2,Approved,12/14/2022,1/13/2024
Benjamin Reed,35,WA,Travel,1797.16,13730.55,Approved,11/21/2023,8/13/2024
Miss Jordan Gutierrez PhD,52,ACT,Health,2786.8,12921.59,Approved,1/2/2024,1/3/2025
David Mcknight,56,SA,Travel,2927.66,14854.89,Approved,7/28/2023,8/21/2023
Ashley Randall,61,ACT,Car,2402.38,3893.69,Approved,1/17/2023,2/15/2024
Craig Joseph DDS,45,NSW,Life,2746.56,3714.98,Approved,5/23/2024,8/3/2024
Danielle Walker,47,QLD,Car,2729.17,16093.94,Pending,1/9/2024,8/4/2024
Paul Baird,34,ACT,Life,2434.55,3051.42,Approved,9/19/2022,9/26/2024
Gregory Mercado,73,NSW,Health,1667.77,13952.56,Approved,10/22/2023,2/14/2025
Matthew Brown,53,NSW,Travel,3791.47,19257.36,Pending,4/25/2024,7/7/2024
David Schroeder,29,ACT,Life,1073.17,9549.98,Approved,9/28/2022,7/26/2023
Sean Jacobson,21,TAS,Home,1450.81,12604.9,Approved,6/3/2023,9/25/2024
Jennifer Cook,54,WA,Health,652.72,6361.14,Pending,4/6/2023,9/10/2024
Audrey Vasquez,61,ACT,Travel,1929.55,1534.18,Approved,12/31/2022,7/25/2025
Kiara Saunders,33,NSW,Life,3530.96,5465.29,Approved,11/5/2022,8/19/2024
Christine Pena,58,VIC,Car,626.96,4859.75,Approved,12/5/2022,2/14/2023
Rachel Davies,56,TAS,Life,2822.79,14605.61,Approved,8/26/2023,1/30/2025
Megan Strickland,21,QLD,Car,4458.74,17452.06,Approved,2/6/2024,7/29/2025
Margaret Stevens,35,VIC,Car,1860.18,3567.29,Approved,11/29/2023,5/13/2024
Angela Williams DVM,22,NSW,Health,801.96,12926.6,Rejected,6/13/2024,3/31/2025
Todd Chase,38,QLD,Life,2562.49,7639.04,Rejected,11/8/2022,9/4/2023
Joseph Schroeder,36,NT,Life,2196.2,7064.8,Rejected,9/21/2023,10/20/2023
Michael Garrison,48,VIC,Life,2840.23,10847.16,Approved,8/11/2022,7/30/2023
David Phillips,73,VIC,Health,4718.38,4943.28,Approved,12/12/2022,12/18/2022
Cynthia Humphrey,36,VIC,Home,4424.71,26.52,Rejected,5/27/2024,8/19/2024
Charles Jacobs,20,TAS,Health,2606.49,2031.67,Pending,11/18/2022,11/7/2023
Jacqueline Esparza,56,TAS,Life,4837.5,11082.65,Approved,5/6/2023,2/5/2024
Mrs. Diane Marquez MD,46,VIC,Car,949.91,10414.43,Approved,7/5/2023,8/10/2023
Mrs. Heather Mathews,34,ACT,Car,412.73,9950.12,Pending,8/17/2022,9/22/2023
Joshua Hutchinson,58,NT,Health,2194.12,19506.83,Rejected,3/27/2024,6/22/2024
Mrs. Victoria Moyer,30,QLD,Health,1696.34,3503.48,Approved,11/15/2022,3/28/2024
Brittany Fletcher,23,VIC,Life,1564.87,15152.82,Approved,12/28/2022,12/23/2023
Leonard Wilson,67,NT,Travel,2121.2,12717.51,Rejected,12/22/2022,6/6/2023
Sarah Barry,52,VIC,Travel,2770.18,5765.41,Rejected,4/4/2024,7/24/2025
Kevin Green,43,VIC,Home,851.53,13911.22,Approved,7/4/2024,8/20/2024
Robin Day,63,QLD,Car,2104.57,1900.04,Approved,5/12/2023,1/8/2025
Matthew Sanders,25,NT,Car,3880.22,3627.49,Approved,4/15/2024,7/20/2024
Andrew Moreno,39,WA,Home,4966.03,5161.34,Approved,3/25/2023,2/7/2025
Kevin Bryant,30,NT,Health,1371.11,5743.73,Approved,11/25/2022,12/8/2024
Alicia Lee,40,NSW,Life,1126.57,7417.05,Approved,10/19/2023,7/5/2025
Kristopher Miller,58,NT,Travel,4133.58,13194.81,Approved,4/18/2023,12/23/2023
Elizabeth Mitchell,68,TAS,Health,4447.74,6057.34,Approved,9/10/2022,6/30/2025
Dr. April Douglas,41,NSW,Home,1444.83,894.47,Pending,1/15/2023,1/18/2025
Amanda Owen,19,NT,Health,3869.55,7304.5,Approved,11/13/2022,7/18/2023
John Murphy,75,TAS,Life,1463.66,11156.82,Approved,7/19/2023,1/5/2025
Timothy Luna,19,QLD,Car,834.25,14504.64,Approved,7/28/2024,4/19/2025
Thomas Saunders,74,TAS,Travel,2105.96,217.81,Approved,4/13/2023,10/29/2024
Monica Faulkner,23,NT,Car,1581.25,12135.55,Rejected,3/23/2023,4/7/2024
Laura Boone,68,TAS,Travel,4531.63,795.91,Rejected,2/18/2023,2/10/2025
Joseph Newman,62,ACT,Health,2182.46,3797.42,Approved,3/23/2023,2/16/2025
Elizabeth Osborn,58,NSW,Health,4241.93,10313.49,Approved,5/5/2023,5/6/2025
Mr. Kenneth Bishop,39,TAS,Travel,2085.42,6305.41,Rejected,10/5/2022,6/2/2024
Anne Coleman,68,WA,Home,2534,13288.33,Approved,5/15/2024,2/2/2025
James Hill,61,SA,Health,4095.48,2181.84,Rejected,1/24/2024,6/14/2025
Valerie Mckee,50,VIC,Life,2581.25,4676.63,Rejected,11/19/2023,6/11/2024
Mary Villanueva,65,VIC,Health,488.51,7859.78,Approved,4/12/2024,11/3/2024
Sarah Stewart,38,NSW,Travel,2915.04,16010.67,Rejected,12/22/2023,7/5/2025
Ashley Lindsey,54,QLD,Travel,801.52,9202.3,Approved,2/20/2024,4/19/2025
Miguel Wright,59,SA,Car,2240.11,7732.77,Pending,5/27/2023,6/23/2023
Robert Young,67,NSW,Life,1850.7,5321.79,Approved,3/1/2024,3/2/2024
Phillip Brown,49,NT,Travel,4329.29,14262.58,Rejected,1/26/2024,10/20/2024
Donald Dunn,25,QLD,Car,2850.82,6036.03,Approved,5/6/2024,4/22/2025
Lindsey Hudson,63,NT,Travel,4542.64,9127.12,Pending,10/20/2023,3/4/2025
Bryan Davis,43,NSW,Car,2533.81,12220.34,Pending,6/2/2024,8/23/2024
Kristin Chavez,18,VIC,Life,1242.22,16421.03,Approved,6/12/2023,8/5/2024
David Caldwell,64,VIC,Car,2657.68,6722.98,Approved,8/28/2022,9/29/2022
Linda Russell,54,QLD,Travel,3420.77,5093.69,Approved,5/13/2024,7/23/2024
Renee Reese,56,VIC,Life,678.55,16736.53,Rejected,6/7/2024,6/19/2025
Adam Sanchez,26,QLD,Travel,1824.02,18759.87,Pending,7/28/2023,5/23/2025
Bonnie Santiago,43,NSW,Life,2000.17,14416.75,Rejected,6/23/2024,3/6/2025
Brittany Martinez,46,NT,Home,2248.59,15341.73,Approved,4/24/2023,9/25/2024
Kendra Diaz,33,QLD,Home,698.03,3363.41,Pending,2/19/2024,8/1/2024
Tanya Hall,32,SA,Life,3978.94,12878.96,Approved,7/10/2023,5/31/2024
Erica Daniel,20,WA,Car,1927.62,12205.94,Pending,7/6/2024,1/21/2025
James Wilson,72,NT,Health,2047.01,4622.55,Pending,6/12/2023,8/20/2023
Jon Smith,66,WA,Home,2745.74,19911.76,Approved,1/9/2023,10/21/2024
Jared Hancock,34,TAS,Life,3458.79,15273.29,Rejected,8/5/2022,11/8/2023
Stephen Lyons,23,WA,Home,1741.93,13037.21,Rejected,9/22/2022,8/30/2023
Kristina Mckee,59,WA,Travel,2292.04,15425.59,Approved,9/29/2023,6/10/2025
Larry Hogan,50,TAS,Health,1199.27,12804.01,Approved,9/1/2023,7/7/2025
Jose Morton,75,ACT,Home,4050.04,18276.61,Approved,1/14/2023,4/23/2023
Dr. Gerald Mccann,49,WA,Car,1927.01,227.78,Approved,12/23/2022,9/18/2023
Joseph Buchanan,21,NT,Home,4090.22,838.06,Approved,5/14/2023,5/29/2023
Meghan Taylor,75,ACT,Home,2885.79,19060.27,Pending,10/1/2023,12/17/2023
Jill Garcia,61,ACT,Home,984.75,13118.49,Approved,6/11/2023,7/23/2025
Heather Sherman,33,TAS,Health,757.51,2512.43,Approved,6/22/2023,12/11/2023
Wanda Richardson,29,ACT,Travel,2561.02,13943.14,Approved,6/20/2024,11/9/2024
Eduardo West,53,NT,Home,4878.1,11433.27,Approved,6/26/2024,8/4/2024
Deborah Williams,35,ACT,Life,1792.12,13043.94,Approved,6/27/2023,7/11/2023
Elizabeth Parks,27,SA,Life,1191.5,11074.41,Approved,10/21/2023,7/20/2025
Dawn Wheeler,34,NSW,Car,4639.85,5215.36,Approved,4/20/2023,1/2/2025
Brianna Johnston,31,TAS,Life,3852.43,16761.27,Pending,12/24/2022,12/13/2023
Jeff Vance,21,VIC,Car,440.81,321.94,Approved,4/9/2023,7/22/2023
Tina Allison,31,VIC,Home,985.38,18878.34,Approved,12/9/2022,7/1/2025
Timothy Hunter,64,NT,Car,2037.38,6804.71,Approved,4/25/2023,2/12/2024
Charles Bullock,30,NSW,Health,455.84,15338.11,Pending,7/24/2023,11/15/2024
Andrew Robinson,48,ACT,Health,4540.61,239.47,Approved,5/27/2023,12/19/2024
Cindy Cruz,72,TAS,Car,3593.21,14748.91,Pending,6/8/2024,7/5/2025
Christopher Gillespie,46,NT,Life,4682.12,8457.5,Pending,1/26/2023,12/27/2023
Nicholas Harvey,71,ACT,Health,4390.56,4833.32,Rejected,11/26/2022,4/7/2023
Samantha Cook,29,ACT,Health,3192.69,19302.58,Pending,10/14/2023,3/18/2025
Amanda Edwards,40,NSW,Car,643.67,9185.48,Pending,5/8/2023,5/6/2024
Jeffrey Carpenter,26,SA,Home,4972.02,13389.81,Approved,10/25/2022,2/17/2023
Brenda Trujillo,60,VIC,Travel,3490.81,14534.69,Pending,2/12/2023,9/20/2024
Jesus Fox,60,SA,Car,3794.71,2704.98,Approved,6/3/2024,6/18/2025
Charles Evans,46,ACT,Life,4108.73,8835.03,Approved,8/6/2022,3/28/2025
Ronald Bishop,47,WA,Health,3693.13,6469.16,Rejected,11/15/2023,12/10/2023
Garrett Hobbs,68,QLD,Life,517.44,5007.65,Approved,12/18/2023,7/18/2024
Mary Hunter,67,TAS,Health,4936.81,10434.15,Approved,12/2/2023,4/9/2024
Christopher Lawson,23,NT,Life,2270.95,2159.69,Approved,6/9/2024,6/17/2025
Megan Morgan,56,QLD,Life,2043.48,15343.09,Approved,6/1/2024,8/12/2024
Michael Grimes,35,NSW,Car,3679.72,17345.11,Pending,4/12/2023,2/21/2024
Dana Malone,56,NSW,Life,4909.86,18910.38,Approved,3/31/2023,4/1/2023
Rose Contreras,57,ACT,Travel,4135.72,16165.73,Approved,3/18/2024,11/25/2024
Natalie Sloan,39,NT,Health,3778.93,6952.02,Approved,3/26/2024,1/3/2025
Marcus Martinez,54,ACT,Life,4966.31,3462.51,Approved,6/9/2024,7/26/2025
Casey Valencia,27,WA,Car,2476.89,4130.78,Approved,11/2/2022,1/24/2023
Ryan Farmer,34,ACT,Home,1542.14,4924.48,Approved,4/15/2023,3/14/2025
April Hoffman,49,VIC,Health,2677.34,19207.4,Approved,1/24/2024,3/16/2024
David Ramsey,55,NSW,Travel,321.28,16173.4,Approved,5/9/2024,1/24/2025
James Johnson PhD,72,QLD,Health,320.21,15211.87,Approved,6/12/2024,7/15/2025
Jacob Mccarthy,50,TAS,Home,3212.17,14970.25,Approved,1/25/2024,2/27/2024
Eugene Arroyo,67,VIC,Life,1502.69,1899.52,Approved,7/30/2024,1/24/2025
Tara Nelson,74,SA,Car,4598.78,16319.28,Approved,6/14/2024,7/1/2024
Adam Roberts,48,TAS,Health,3156.08,19147.41,Approved,1/9/2024,9/27/2024
Francisco Murphy,65,NSW,Life,4239.39,15360.46,Pending,1/6/2024,3/21/2025
Crystal Reed,34,VIC,Home,374.35,7039.44,Approved,3/17/2023,12/4/2023
Tamara Brewer,59,VIC,Home,4897.51,4181.87,Rejected,1/5/2024,7/8/2024
Sarah Ross,57,WA,Life,2298.26,3664.39,Approved,2/12/2024,5/11/2025
Andrew Mclean,69,ACT,Travel,1255.47,8876.67,Pending,5/17/2024,5/28/2025
Aaron Eaton,67,VIC,Travel,2738.08,15816.59,Approved,4/13/2023,4/11/2025
Mckenzie Wolfe,54,ACT,Life,1829.77,17848.03,Approved,4/27/2024,4/3/2025
Debra Garcia,44,WA,Life,1641.53,10470.02,Rejected,2/25/2023,12/9/2024
Julian Strickland,28,NSW,Life,3322.43,13664.59,Pending,9/21/2022,2/20/2023
Leah Elliott,26,VIC,Life,3005.67,16292.86,Pending,7/3/2023,4/8/2025
Jackie Johnson,42,ACT,Car,731.18,18575.48,Pending,1/30/2023,2/15/2023
Devin Robles,27,ACT,Home,2545.93,1859.87,Approved,9/19/2023,11/15/2023
Cynthia Joseph,66,SA,Travel,1899.23,15302.12,Approved,5/24/2024,4/5/2025
Beth Mcclain,51,NSW,Car,1728.06,3900.71,Rejected,5/7/2024,11/18/2024
Louis Davis,47,WA,Travel,988.14,17386.21,Rejected,8/29/2023,7/12/2025
Tracy Kelly,49,SA,Travel,1051.07,3971.22,Approved,8/16/2023,2/5/2025
Dean Wong,21,QLD,Life,2707.93,2693.67,Rejected,8/18/2022,7/6/2024
Misty Vaughn DDS,28,VIC,Life,1125.79,18099.04,Pending,2/7/2024,8/24/2024
Katherine Chavez,66,WA,Travel,2199.45,7281.68,Rejected,4/12/2023,5/11/2025
Kathy Watkins,49,NT,Life,2462.94,19883.6,Approved,11/1/2023,5/12/2025
Dawn Brown,45,NT,Travel,4774.56,7807.24,Approved,7/1/2023,11/8/2023
Lawrence Padilla,51,SA,Travel,2095.52,3767.1,Approved,9/13/2023,8/17/2024
Stephen Hernandez,57,WA,Car,3678.29,13335.28,Rejected,1/24/2023,6/20/2025
Jose Mcdonald,26,NSW,Car,4752.4,6246.66,Approved,9/12/2023,11/19/2024
Ann Chen,30,SA,Life,529.57,6193.97,Approved,10/7/2022,3/26/2025
Lisa Flores,33,NSW,Home,3990.43,7659.66,Pending,10/4/2022,3/5/2025
Crystal Miller,26,NT,Health,2522.18,14698.83,Pending,12/20/2022,2/20/2025
Gregory Novak,55,QLD,Home,332.6,11956.35,Rejected,7/22/2023,9/15/2024
Megan Mendez,55,VIC,Health,2178.68,1428.16,Pending,12/8/2022,8/4/2023
Amanda Davis,48,NT,Car,594.82,5115.73,Pending,3/25/2024,8/27/2024
Darryl Carey,66,VIC,Life,3708.55,9296.73,Approved,7/10/2024,10/27/2024
David Kelly,25,NSW,Travel,1904.13,7286.17,Pending,11/5/2022,4/5/2023
Isaac Martin,27,SA,Life,2154.64,13898.31,Approved,6/16/2023,1/16/2025
Alicia Caldwell,35,WA,Life,3779.16,15038.42,Approved,9/21/2023,4/21/2025
Robert Simpson,63,NT,Travel,537.84,96.63,Approved,3/10/2024,8/6/2024
Patrick Wilson,59,WA,Health,906.88,5106.79,Approved,2/1/2024,2/6/2025
Tyler Holder,72,ACT,Home,915.45,11501.46,Approved,5/13/2024,6/7/2025
Timothy Love,18,NSW,Car,1071.72,11906.93,Approved,7/23/2024,12/8/2024
Mary Carter,35,NSW,Car,2451.45,6967.55,Pending,5/7/2024,11/24/2024
Laurie Jefferson,34,VIC,Travel,4923.79,5254.69,Approved,2/9/2023,8/25/2024
Michele Hamilton,50,SA,Life,3331.9,12129.4,Approved,9/19/2023,6/4/2025
Heather Lawrence,54,NSW,Travel,758.07,18111.41,Rejected,9/3/2022,4/12/2023
Sarah Griffin,58,WA,Health,2392.37,17722.27,Rejected,11/12/2023,5/16/2025
Lauren Morse,31,NSW,Car,2052.76,11369.15,Pending,1/24/2023,10/8/2024
Taylor Dominguez,46,QLD,Car,3780.29,2689.83,Rejected,4/24/2024,9/28/2024
Karen Patton,71,SA,Travel,4553.2,7728.65,Pending,12/8/2022,10/22/2023
David Morris,28,NSW,Home,3586.92,2418.27,Approved,11/24/2023,1/1/2025
Michael Howard,49,VIC,Car,956.02,10877.33,Pending,8/8/2022,11/10/2023
Linda Baxter,55,NT,Life,2732.12,4665.41,Approved,12/9/2023,1/7/2025
Noah Pruitt,57,QLD,Home,4268.41,14025.67,Pending,4/29/2023,9/23/2024
Ashley Cole PhD,46,NT,Life,3394.85,11435.35,Rejected,6/30/2024,6/25/2025
Katherine Sullivan,23,WA,Home,3322.85,6167.7,Approved,3/20/2024,3/25/2025
Deanna Riley,36,WA,Car,1471.55,1847.96,Approved,4/11/2024,4/1/2025
Jesus Taylor,21,QLD,Health,3198.3,10992.77,Approved,9/15/2022,3/22/2025
Mr. Bradley Salas PhD,36,VIC,Life,4730.84,305.93,Approved,5/3/2024,8/19/2024
Alexandra Shepard,27,VIC,Car,4834.63,16577.81,Rejected,5/5/2024,7/12/2024
Ashley Guzman,63,SA,Health,3016.57,723.52,Approved,10/7/2022,10/11/2023
Erin Powell,62,ACT,Life,1538.28,19539.6,Pending,6/11/2023,4/16/2025
Christopher Travis,75,ACT,Travel,2695.84,6071.87,Approved,6/22/2024,10/29/2024
Donald Turner,21,WA,Health,769.45,8816.48,Approved,4/12/2023,4/5/2025
Savannah Mckinney,27,VIC,Car,4421.23,922.07,Rejected,1/31/2024,10/6/2024
Donna Torres,56,SA,Health,4801.79,5354.9,Pending,3/2/2023,5/10/2023
Samantha Delgado,44,TAS,Health,903.52,3403.4,Approved,12/22/2022,8/5/2023
Alexander Ayala,51,NT,Travel,1688.42,12913.25,Approved,12/19/2023,2/2/2025
Tanner Wiley,67,SA,Car,3211.38,12367.19,Approved,9/27/2023,6/10/2025
Ethan Stewart,30,SA,Car,1648.04,7425.98,Approved,10/6/2022,5/9/2023
Shelly Mitchell,47,ACT,Health,4450.79,16644.48,Pending,6/22/2023,11/30/2023
James Williams,26,VIC,Health,3661.79,10139.87,Approved,11/28/2022,5/6/2025
Phillip Stephens,48,VIC,Home,1397.87,8380.28,Approved,10/21/2023,12/16/2023
Shawn Sellers,31,SA,Health,4322.56,8817.29,Pending,10/3/2022,12/30/2022
Bonnie Oneill,18,SA,Home,3729.12,9714.52,Pending,2/19/2024,4/1/2024
David Combs,73,TAS,Health,3319.43,19713.58,Approved,5/17/2024,6/17/2025
Linda Park,46,WA,Life,1253.73,18980.68,Pending,3/27/2023,10/24/2023
Matthew Carrillo,40,NT,Travel,2177.81,11130.35,Pending,10/17/2023,3/19/2024
Carrie Bishop,39,WA,Travel,347.15,9616.04,Approved,5/29/2024,7/20/2025
Jamie Weaver,54,ACT,Life,4344.88,6122.07,Approved,2/9/2023,3/10/2024
Brandon Thomas PhD,55,VIC,Travel,1654.06,2241.47,Approved,9/14/2022,11/21/2023
Ryan Scott,75,NSW,Home,3678.17,3832.65,Pending,8/30/2022,6/20/2023
Courtney Miller,63,ACT,Travel,3443.3,13597.99,Pending,12/28/2023,5/21/2024
Rachel Gonzales,50,QLD,Car,4568.42,11486.15,Approved,7/4/2024,6/16/2025
Joshua Davis,48,WA,Travel,2049.54,10875.97,Approved,6/22/2023,3/17/2025
Crystal Montoya,74,WA,Life,3195.91,15279.25,Approved,11/15/2022,12/20/2023
Nicole Mills,65,VIC,Life,3965.54,13677.78,Approved,4/27/2023,5/17/2024
Jodi Ryan,38,ACT,Health,1211.34,17011.22,Pending,6/25/2024,1/4/2025
Brian Eaton,55,WA,Car,3064.76,8989.34,Approved,10/20/2022,8/27/2024
Jason Tucker,71,NSW,Travel,3530.23,9411.61,Approved,2/15/2023,8/19/2024
Gwendolyn Jones,43,QLD,Home,1410.38,12635.72,Rejected,2/4/2023,4/6/2025
Suzanne Reyes,45,ACT,Life,1643.28,18087.49,Approved,9/1/2023,2/1/2025
Daniel Bond,20,NT,Home,4983.63,17419.57,Pending,10/18/2022,10/22/2023
Jacqueline Cardenas,40,QLD,Car,2279.26,10.43,Rejected,7/14/2024,11/4/2024
Dr. Riley Meadows,20,NT,Life,4757.75,18717.46,Approved,4/9/2023,5/31/2025
Lori Johnson,33,WA,Home,3812.79,2994.88,Pending,4/13/2023,2/17/2025
James Chavez,45,WA,Health,1300.53,17992.57,Approved,12/20/2023,3/14/2025
Ronald Higgins DDS,63,WA,Health,2596.22,12452.82,Approved,11/24/2022,8/2/2023
Christopher Ford,29,SA,Home,4707.79,17242.3,Approved,5/1/2024,4/15/2025
Douglas Moore,53,SA,Home,3551.09,2975.63,Rejected,8/2/2022,2/24/2023
Marie Rivera,20,NSW,Life,553.75,1220.33,Approved,3/13/2024,10/3/2024
Charles Hayes,50,ACT,Travel,1884.08,4096.71,Approved,11/14/2023,5/20/2024
James Perry,68,VIC,Home,3564.78,9804.6,Rejected,12/6/2023,5/7/2024
Larry Martinez,62,SA,Car,578.56,17959.36,Approved,6/21/2024,8/7/2024
Mark Turner,37,SA,Car,4322.27,15067.39,Pending,10/8/2022,6/25/2023
Marie Thompson,21,ACT,Home,4218.5,6914.24,Approved,8/19/2023,8/13/2024
Joseph Bryant,58,SA,Travel,2064.39,5038.35,Approved,3/8/2023,2/29/2024
Michelle Williams,57,SA,Life,1373.98,6399.11,Approved,12/3/2022,5/20/2025
Mark Moore,38,SA,Life,3594.54,4157.23,Approved,7/18/2023,10/8/2023
Danielle Meyer MD,70,NT,Travel,669.9,10377.27,Approved,7/12/2024,3/18/2025
John Wise,69,WA,Health,319.68,11000.65,Approved,4/9/2023,1/2/2025
Stephanie Campbell,55,NSW,Travel,1331.99,9363.68,Approved,7/2/2024,10/9/2024
Donald Bryant,47,QLD,Life,1941.9,12323.06,Approved,8/31/2022,4/5/2025
Laurie Wiggins,50,NT,Travel,403.65,9333.21,Pending,1/21/2023,6/28/2023
Troy Martin,51,NT,Health,1487.02,5744.87,Pending,2/10/2023,11/8/2024
Joshua Wagner,39,ACT,Life,1437.49,12717.42,Approved,11/28/2023,10/22/2024
Keith Hunter,55,NSW,Home,2069.68,16078.45,Approved,11/9/2022,11/3/2024
Sara Richard,64,SA,Health,1595.1,358.28,Rejected,6/5/2024,6/1/2025
Robert Bradley,43,TAS,Travel,3077.19,13667.9,Rejected,4/3/2024,2/11/2025
Mackenzie Bryan,49,NT,Travel,3605.77,6389.53,Approved,11/9/2023,9/9/2024
Jesse Brown,53,VIC,Health,517.58,11019.36,Approved,2/17/2024,7/29/2025
Adam Padilla,45,ACT,Travel,2639.24,742.87,Approved,1/21/2024,5/7/2025
Linda Mckinney,37,VIC,Home,3608.31,13905.11,Rejected,9/23/2023,6/14/2025
Amanda Kennedy,66,WA,Home,2505.61,3744.71,Pending,6/3/2023,7/24/2023
Tony Atkins,27,VIC,Home,2681.81,8535.52,Approved,10/9/2022,2/22/2024
Kara Welch,44,NT,Home,1684.46,9808.05,Approved,4/20/2023,9/18/2024
David Barajas,21,SA,Travel,1379.02,10764.43,Pending,9/21/2023,10/28/2023
Nathan Holland,31,ACT,Travel,659.1,15727.43,Approved,4/25/2024,1/9/2025
Howard Duncan,31,QLD,Travel,4624.37,463.01,Rejected,4/26/2024,8/4/2024
Vickie Levy,65,NSW,Home,2790.62,15590.53,Rejected,8/19/2022,9/8/2024
Daniel Jennings,72,TAS,Home,2450.58,5791.15,Rejected,6/20/2023,6/5/2025
Tom Williams,19,QLD,Life,2738.6,11559.06,Approved,2/13/2023,3/17/2023
Kenneth Bailey,19,VIC,Car,2997.7,9764.13,Approved,12/26/2023,2/14/2024
Brian Brady,75,QLD,Car,2250.36,9907.55,Approved,10/21/2022,3/2/2023
Martha Gomez,18,NT,Health,4485.79,3806.29,Approved,5/22/2023,6/27/2024
Matthew Garner,65,WA,Travel,1447.07,14675.53,Rejected,6/30/2024,2/7/2025
Pamela Howe,32,NT,Health,2377.68,3764.47,Rejected,5/18/2023,2/4/2024
Keith Phillips,43,NT,Car,472.42,3501.67,Approved,3/6/2023,5/20/2025
Anthony Morales,39,SA,Travel,1300.82,1248.86,Approved,5/5/2024,9/11/2024
Dr. Robert Lamb,38,QLD,Car,4941.84,8807.43,Approved,4/15/2024,7/29/2024
Jessica Baker,50,ACT,Car,932.04,749.74,Approved,5/29/2023,10/12/2023
James Bates,41,SA,Car,1296.89,19315.86,Rejected,11/20/2023,4/6/2024
Valerie Jackson,69,NT,Life,3168.93,7265.82,Approved,1/2/2024,6/11/2024
Blake Campbell,34,TAS,Car,2587.33,10811.39,Pending,8/14/2022,2/15/2025
Joseph Page,21,VIC,Life,1779.21,5618.48,Rejected,6/12/2023,10/20/2024
Joshua Palmer,65,NSW,Life,343.59,9734.14,Approved,2/24/2024,4/5/2025
Donna Nash,28,NT,Life,3864.15,5825.45,Approved,3/24/2023,10/1/2024
Alexander Huffman,26,NT,Life,4301.3,17057.41,Approved,4/24/2024,12/25/2024
Mitchell Thompson,48,VIC,Car,4538.81,4250.4,Approved,2/22/2024,1/14/2025
Cindy Moore,38,VIC,Health,3507.55,18739.64,Rejected,5/15/2024,7/27/2024
Kimberly Hayes,60,WA,Home,4186.9,9943.97,Approved,1/7/2024,3/23/2024
Alex Collins,68,ACT,Health,2344.61,10701.42,Pending,4/6/2024,10/15/2024
Emily Johnson,49,NT,Travel,1780.21,14443.73,Pending,8/5/2023,5/30/2025
Collin Lester,48,TAS,Home,3743.43,8758.21,Pending,5/18/2024,6/8/2025
Tommy Moss,74,ACT,Home,3444.77,10638.45,Rejected,10/5/2022,3/31/2025
Manuel Barnett,46,WA,Health,4026.27,16673.91,Pending,3/14/2024,10/25/2024
Charles Kennedy,68,NT,Home,721.78,14816,Approved,12/8/2022,10/26/2023
Maxwell Cunningham,62,ACT,Home,3012.11,15162.21,Pending,3/2/2024,2/22/2025
James Johnson,58,NSW,Travel,1079.64,3147.39,Approved,3/18/2024,10/23/2024
Michelle Buchanan,46,TAS,Car,4124.99,13571.42,Approved,3/4/2024,1/17/2025
Cynthia Oconnell,47,WA,Travel,1405.41,11724.31,Pending,10/14/2023,1/21/2025
Julie Lam,60,TAS,Health,3720.67,13152.39,Approved,11/14/2022,5/30/2024
Miss Brittney Norton,20,NT,Life,2989.46,6884.93,Approved,7/28/2023,7/6/2025
James Mccormick,30,QLD,Car,2986.97,389.27,Approved,5/24/2024,3/18/2025
Laura Santos,55,QLD,Health,2664.71,13895.3,Approved,2/16/2023,6/18/2023
Peggy Leon,38,ACT,Life,3096.57,10394.68,Approved,11/10/2022,2/13/2025
David Blankenship,24,QLD,Health,3587.32,10660.89,Pending,1/15/2024,6/18/2025
Steven Moore,74,VIC,Home,4616.59,16721.22,Approved,5/12/2024,10/8/2024
Rachel Lane,49,NT,Life,1245.97,19868.02,Approved,9/21/2022,9/11/2023
Eric Burke,35,QLD,Car,3239.27,17513.06,Approved,1/26/2023,7/6/2023
Susan Ramsey,74,SA,Health,2262.63,19021.06,Approved,4/13/2024,7/1/2024
Daisy Flowers,68,SA,Life,306.74,19394.78,Approved,5/19/2023,12/20/2023
Brenda Lowe,69,VIC,Life,3846.87,946.83,Approved,1/17/2023,5/4/2023
Felicia Adams,73,SA,Home,4215.54,15755.22,Approved,2/15/2023,12/26/2023
Monica Hawkins,72,VIC,Car,4582.91,473.34,Pending,9/17/2023,10/16/2023
William Herrera,37,QLD,Travel,797.04,17809.11,Pending,5/6/2024,7/14/2024
Patricia Roberts,47,NT,Travel,1216.29,18821.69,Approved,7/8/2023,4/1/2024
Sarah Monroe,36,TAS,Health,2140.59,410.1,Approved,12/25/2022,1/10/2025
Craig Peterson,18,NT,Car,3049.17,18810.81,Pending,11/9/2023,7/15/2024
Thomas Warren,71,SA,Car,3752.93,6346.81,Approved,8/8/2023,7/15/2024
Thomas Wright,70,VIC,Travel,525.45,18793.77,Rejected,7/14/2023,4/6/2024
Clinton Harper,23,ACT,Health,3621.12,515.71,Approved,2/11/2024,8/24/2024
David Gonzales,39,SA,Life,513.58,14684.96,Rejected,2/12/2024,7/31/2024
Donald Wright,36,NSW,Home,4911.19,8771.12,Approved,12/16/2023,5/7/2025
Jessica Norris,20,SA,Life,2310.06,12758.23,Approved,3/19/2024,5/31/2024
Donald Murphy,68,VIC,Health,4857.17,12700.83,Rejected,1/31/2024,7/1/2025
Sergio Snyder,38,ACT,Home,4473.57,2086.91,Approved,11/7/2022,1/28/2025
James Jones,44,NT,Travel,797.07,760.27,Pending,1/12/2024,9/4/2024
Timothy Brown,75,TAS,Travel,2496.76,7523.49,Approved,4/27/2024,7/26/2024
Eric Hernandez,32,ACT,Travel,2508.12,15842.09,Pending,2/22/2024,2/5/2025
Andre Clark,45,SA,Travel,1915.35,5687.8,Approved,2/21/2023,4/3/2025
Shirley Torres,66,VIC,Health,2887.48,2583.56,Approved,8/11/2023,2/5/2025